video_id,title,description,published_at,channel_id,channel_title,category_id,tags,duration,definition,caption,view_count,like_count,dislike_count,favorite_count,comment_count
fuV4yQWdn_4,squabble up,squabble up,2024-11-25T18:07:36Z,UC3lBXcrKFnFAFkfVk5WuKcQ,Kendrick Lamar,22,[],PT2M46S,hd,false,8355939,632244,0,0,40836
jt2KK2tqQyg,Stephen Nedoroscik‚Äôs Finale Freestyle ‚Äì Dancing with the Stars,Stephen Nedoroscik‚Äôs Finale Freestyle ‚Äì Dancing with the Stars,2024-11-27T07:00:21Z,UCLOIoa2aEGcM-z1hJx4vy4w,Dancing With The Stars,24,"['Disney+', 'Disney Plus', 'Disney', 'streaming', 'Dancing With The Stars', '#DWTS', 'Alfonso Ribeiro', 'Julianne Hough', 'ABC', 'ABC Network', 'Hulu', 'Derek Hough', 'Carrie Ann Inaba', 'Bruno Tonioli']",PT2M17S,hd,false,452432,9023,0,0,606
5x9aX1pG_3c,The Worst Pok√©mon Games (and why),The Worst Pok√©mon Games (and why),2024-11-27T13:15:01Z,UCSAYHSNaY5_UEol4_frPurg,MandJTV,20,"['New Pokemon games', 'New Pokemon', 'Top Pokemon', 'Pokemon Talk', 'MandJTV', 'MandJTV Pokevids', 'gaming', 'video games', 'nintendo switch', 'nintendo', 'pokemon', 'new games', 'family friendly', 'top 10', 'top 5', 'charizard', 'greninja', 'pikachu', 'best pokemon', 'all pokemon', 'original pokemon', 'retro games', 'retro pokemon games', 'nintendo pokemon', 'pokemon legends arceus', 'pokemon scarlet and violet', 'gen 9', 'pokemon legends z-a', 'legends z-a', 'bdsp', 'brilliant diamond', 'shining pearl']",PT32M56S,hd,false,375111,23814,0,0,4108
Ed1sGgHUo88,Squid Game: Season 2 | Official Trailer | Netflix,Squid Game: Season 2 | Official Trailer | Netflix,2024-11-26T23:00:03Z,UCWOA1ZGywLbqmigxE4Qlvuw,Netflix,24,"['2024', '456', 'Childhood Games', 'Choi Seung-hyun', 'Dec 26', 'Doll', 'Fandom', 'Front Man', 'Gi-hun', 'Global Phenomenon', 'Jo Yu-ri', 'KContent', 'Kang Ae-sim', 'Kang Ha-neul', 'Lee Byung-hun', 'Lee David', 'Lee Jin-uk', 'Lee Jung-jae', 'Netflix', 'News', 'Official Trailer', 'Park Sung-hoon', 'Pink Soldiers', 'Roh Jae-won', 'Season 2', 'Series', 'Squid Game', 'Squid Game 2', 'Teaser', 'Wi Ha-jun', 'Yang Dong-geun', 'Yim Si-wan', 'Young-hee']",PT1M47S,hd,false,4831530,155996,0,0,5318
PqDuAr2W2Dc,Kelly Clarkson's Son Remy Surprises Audience With Frank Sinatra Cover!,Kelly Clarkson's Son Remy Surprises Audience With Frank Sinatra Cover!,2024-11-27T10:00:31Z,UCmSQ47G2NHhcjRAm9Px6R3g,The Kelly Clarkson Show,22,"['Kelly Clarkson', 'the kelly clarkson show', 'nbc', 'talk show', 'american idol', 'the voice', 'nbc tv', 'interview', 'celebrities', 'celebrity interview', 'celebrity news', 'kellyoke', 'kelly clarkson', 'the kelly clarkson show interviews', 'kelly clarkson cover', 'kelly clarkson talk show', 'kelly clarkson show moments', 'kelly clarkson show collection', 'kelly clarkson falls', 'kelly clarkson album', 'kelly clarkson moments', 'kelly clarkson interviews', 'kelly clarkson and anne hathaway']",PT1M21S,hd,false,457442,5092,0,0,365
VcP_1Ua__vY,Kodak Black -  Versatile 4 [Official Video],Kodak Black -  Versatile 4 [Official Video],2024-11-27T16:59:16Z,UChEYVadfkMCfrKUi6qr3I1Q,Kodak Black,10,"['kodak', 'black', 'kodak black', 'atlantic records', 'roll in peace', 'codeine dreaming', 'tunnel vision', 'drowning', 'transportin', 'heart break kodak', 'project baby 2', 'Kodak Black Bill Israel', 'Bill Israel', 'Sniper', 'Sniper Gang', 'Hip Hop', 'Rap', 'Kodak Black I Knew It', 'Kodak Bill Israel', 'Kodak Black Easter in Miami', 'Easter', 'Easter in Miami', 'Kodak Easter', 'Kodak Black Haitian Boy Kodak', 'Haitian Boy Kodak', 'Kodak Black HBK', 'HBK', 'Kodak Black Happy Birthday Kodak', 'Happy Birthday Kodak']",PT4M43S,hd,false,223630,19794,0,0,2315
SO89EX1Os-8,Watching ONLY the FIRST and LAST Episode of *Gilmore Girls*,Watching ONLY the FIRST and LAST Episode of *Gilmore Girls*,2024-11-27T16:00:22Z,UCF_votze88WRDSEREe9s3aQ,Dylan Is In Trouble,24,[],PT40M45S,hd,false,358656,30588,0,0,2699
Vh0ZXRj_tkw,Upgrading NOOB to GOD Whitebeard in Blox fruits,Upgrading NOOB to GOD Whitebeard in Blox fruits,2024-11-27T16:19:33Z,UCQJudtC0Pn7_LlI0w0rXamw,WinterKloudz,20,"['blox fruits', 'roblox blox fruits', 'blox fruit', 'blox fruits noob to pro', 'blox fruits update', 'blox fruits codes', 'blox fruits roblox', 'blox fruits best fruit', 'blox fruits tier list', 'blox fruits race v4', 'blox fruits live', 'blox fruits race', 'noob to pro blox fruits', 'beating blox fruits as zoro', 'roblox blox fruit', 'starting over as zoro blox fruits', 'blox fruits quake awakening', 'blox fruits starting over as katakuri', 'blox fruits whitebeard', 'blox fruits update 17 part 3']",PT29M17S,hd,false,364597,9487,0,0,1056
jrC_69SRvU0,Kendrick Lamar - GNX ALBUM REVIEW,Kendrick Lamar - GNX ALBUM REVIEW,2024-11-26T16:56:30Z,UCt7fwAhXDy3oNFTAzF2o8Pw,theneedledrop,10,"['album', 'review', 'music', 'reviews', 'indie', 'new', 'lyrics', 'listen', 'track', 'concert', 'live', 'update', 'the needle drop', 'anthony fantano', 'vlog', 'talk', 'discussion', 'music nerd', 'song']",PT29M19S,hd,false,1339997,73986,0,0,6491
ncBH5aF2Ce8,"I saved $100,000 on my Dream BMW - E46 M3 Pt 1","I saved $100,000 on my Dream BMW - E46 M3 Pt 1",2024-11-27T16:00:42Z,UCxpbaAGBv4zrRJx_AjGdVLA,BigTime,2,"['Donut', 'Donut Media', 'DONUT', 'James Pumphrey', 'Zach Jobe', 'Jeremiah Burton', 'Speeed', 'cars', 'automotive', 'DIY', 'working on cars', 'RB', 'Big time', 'BIGTIME', 'Big', 'Time', 'Garage build', 'Garage', 'Money Pit', 'Money', 'Pit', 'Bigtime', 'Donutmedia', 'home garage', 'Car Builds', 'bmw', 'e46 me', 'bmw m3', 'bmw e46 m3 csl', 'm3 csl', 'bmw build', 'ecs tuning', 'ecs m3', 'turner m3', 'turner motorsports', 'm3 rod bearings', 'rod bearings', 'bmw maintenance', 'e46 mods', 'mods']",PT19M34S,hd,false,379847,29614,0,0,1894
e6zSlQHm-q0,Citadelle des Morts Cinematic | Call of Duty: Black Ops 6 Zombies,Citadelle des Morts Cinematic | Call of Duty: Black Ops 6 Zombies,2024-11-26T16:00:27Z,UC9YydG57epLqxA9cTzZXSeQ,Call of Duty,20,"['call of duty', 'cod', 'activision', 'Citadelle des Morts', 'black ops 6', 'cod black ops 6', 'call of duty black ops 6', 'zombies', 'black ops 6 zombies', 'black ops 6 zombies maps', 'Citadelle des Morts Cinematic']",PT1M55S,hd,false,685332,34188,0,0,2292
ytrtFsXRXGY,Watching a Rocket Launch at SpaceX with Elon Musk!,Watching a Rocket Launch at SpaceX with Elon Musk!,2024-11-26T18:03:29Z,UCytKJrAI_PsPfoi04D1E2oQ,Kai Trump,22,"['Watching a Rocket Launch at SpaceX with Elon Musk!', 'kai trump', 'donald trump', 'eric trump', 'donald trump jr', 'barron trump', 'trump', 'election day vlog', 'vlogs', 'kai trump vlogs', 'elon musk', 'Kai Trump Election Night Vlog', 'a regular day in the life of kai trump', 'day in the life', 'election night', '2024 election', 'presidential election', 'mara lago', 'spacex flight test 6', 'starship', 'spacex startship flight', 'rocket launch', 'elon musk and donald trump']",PT11M40S,hd,false,2697514,108232,0,0,7517
-5jIueKioAI,Family Island: ùêñùê¢ùê•ùêù ùêÅùê•ùêöùêúùê§ ùêÖùê´ùê¢ùêùùêöùê≤ ùêíùêÆùê´ùê©ùê´ùê¢ùê¨ùêûùê¨! üñ§üñ§üñ§,Family Island: ùêñùê¢ùê•ùêù ùêÅùê•ùêöùêúùê§ ùêÖùê´ùê¢ùêùùêöùê≤ ùêíùêÆùê´ùê©ùê´ùê¢ùê¨ùêûùê¨! üñ§üñ§üñ§,2024-11-27T15:00:00Z,UCxm8jnD1rYrT4271Qr3_44w,Family Island Game,20,"['family island game', 'family island gameplay', 'family island farm game', 'how to play family island', 'island game', 'family island', 'family island tips', 'farm games', 'island family', 'games for android', 'games for ios', 'mobile games', 'family island treasure island', 'islander', 'treasure island', 'gameplay walkthrough', 'new mobile games', 'game mobile', 'tips and tricks', 'funny game', 'adventure game', 'family game', 'walkthrough', 'Pink Bag']",PT17S,hd,false,98162,4097,0,0,2370
1v59Osj9usk,Can I Beat Grant Horvat If He Starts 5 Under Par? (Part 2),Can I Beat Grant Horvat If He Starts 5 Under Par? (Part 2),2024-11-26T16:59:37Z,UC3jFoA7_6BTV90hsRSVHoaw,Phil Mickelson and the HyFlyers,17,"['Masters', 'Phil Mickelson', 'LIV', 'LIV Golf']",PT54M33S,hd,false,564382,51446,0,0,6912
d7UtVAQ2bJA,"I Tested 100 ""Free Robux"" Games","I Tested 100 ""Free Robux"" Games",2024-11-27T03:55:31Z,UCn4RkjqDN4UE0Uy3y1-K6_w,Laughability,20,"['roblox laughability', 'roblox', 'laughability', 'laugh ability', 'laugh ability roblox', 'laughability youtube', 'roblox youtube', 'roblox challenge', 'laughability challenge', 'free robux', 'how to make robux', 'make robux on roblox', 'free robux games', 'free robux games 2024', 'challenge', '100 games', 'gaming', 'free robux glitch', 'robux glitch 2024', 'robux site', 'robux stream', 'donation games', 'robux methods']",PT32M33S,hd,false,341550,13233,0,0,2199
TwWk0dgo5A4,I turned FORTNITE into LEGO...,I turned FORTNITE into LEGO...,2024-11-26T17:48:56Z,UCUU3GdGuQshZFRGnxAPBf_w,TD BRICKS,24,"['lego', 'legos', 'lego set', 'lego fortnite', 'fortnite', 'fortnite lego', 'lego movie', 'lego city', 'lego minifigure', 'lego builder', 'lego meme']",PT8M31S,hd,false,944595,20606,0,0,2658
ne2IaBPxGUE,Kevin Gates - Be Somebody (Official Music Video),Kevin Gates - Be Somebody (Official Music Video),2024-11-26T08:00:40Z,UCj2GTFekdV3EUsTVN8oaEqA,kevingatesTV,10,"['kevin gates', 'kevin', 'gates', 'atlantic', 'atlantic records', 'how we livin', '2 phones', 'by any means 2', 'BWA', 'BreadWinnersAssociation', 'OfficialBWA', 'Kevin Gates Only The Generals Gon Understand II', 'Only The Generals Gon Understand II', 'Kevin Gates mixtape', 'Kevin Gates Only The Generals Gon Understand II mixtape', 'Only The Generals Gon Understand II mixtape', 'Only The Generals Gon Understand', 'Only The Generals Gone Understand', 'Kevin Gates Puerto Rico', 'Puerto Rico', 'Kevin Gates Puerto Rican']",PT3M4S,hd,false,546598,35089,0,0,2529
Bw8ZdQpVtdU,Dexter: Original Sin | Official Trailer | Paramount+ With SHOWTIME,Dexter: Original Sin | Official Trailer | Paramount+ With SHOWTIME,2024-11-26T22:37:17Z,UC4_hHPcj6BTsn1-gn9oeCDg,Dexter on Paramount+ with Showtime,22,"['Dexter episodes', 'Dexter full episodes', 'serial killer', 'serial killer show', 'Dexter showtime', 'Dexter: Original Sin', 'michael c. hall', 'debra morgan', 'Dexter Deb', 'Dexter premiere', 'murder mystery', 'thriller', 'Dexter tv show', 'best of Dexter', 'Dexter highlights', 'Dexter clips', 'Dexter dark passenger', 'Miami homicide', 'Kurt Caldwell Dexter: New Blood', 'Dexter New York', 'Dexter: New Blood Harrison Morgan', ""Dexter's son"", 'Harrison Morgan Dexter', 'dexter new blood full episode', 'dexter: new blood']",PT1M57S,hd,false,1766245,15232,0,0,1520
c45OqB1SVv0,Kalogeras Sisters HEAR ME OUT CAKE!,Kalogeras Sisters HEAR ME OUT CAKE!,2024-11-25T22:00:31Z,UC5sGdW8Jf7ijogDhcIFRmlw,Kalogeras Sisters ,24,[],PT28M42S,hd,false,2330432,87270,0,0,7132
TM_OsuJduwI,Blaster Master - Angry Video Game Nerd (AVGN),Blaster Master - Angry Video Game Nerd (AVGN),2024-11-26T17:19:56Z,UC0M0rxSz3IF0CsSour1iWmw,Cinemassacre,20,"['james rolfe', 'cinemassacre']",PT20M18S,hd,false,669374,47482,0,0,4353
m5fMyIImwEY,Lilo & Stitch | Official Teaser,Lilo & Stitch | Official Teaser,2024-11-25T17:00:07Z,UC_5niPa-d35gg88HaS7RrIw,Disney,24,"['Disney Disney Videos Disney YouTube The Walt Disney Company Disney Top 10', 'Tsum Tsum', 'Animated Shorts']",PT33S,hd,true,1786120,32909,0,0,3
LH1J1EbqCaI,"Sonic the Hedgehog 3 | Official Trailer 2 (2024 Movie) Ben Schwartz, Jim Carrey, Keanu Reeves","Sonic the Hedgehog 3 | Official Trailer 2 (2024 Movie) Ben Schwartz, Jim Carrey, Keanu Reeves",2024-11-25T14:00:03Z,UCF9imwPMSGz4Vq1NiTWCC7g,Paramount Pictures,1,[],PT2M25S,hd,false,7672481,212190,0,0,0
nki9ZTF9Uls,Hunxho - Ball Forever [Official Video],Hunxho - Ball Forever [Official Video],2024-11-26T18:09:42Z,UCvNFEyv4q6QvZ4Of2GKhzSw,Hunxho,10,"['hunxho', 'official', 'visualizer', 'hunxho official', 'new music hunxho', 'HUNXHO', 'new music hunxho thug baby', 'hunxho album', 'hunxho new album', 'wya hunxho', 'wya hunxho lil dallas', 'hunxho new music', 'Help Myself Hunxho', 'for her album', 'for her', 'honcho', 'huncho', 'Hunxho - Ball Forever [Official Video]', 'hunxho ball forever', 'ball forever hunxho', 'ball forever huncho', 'huncho ball forever', 'ball forever', 'ball', 'forever', 'hunxho new release', 'ball forever hunxho official video']",PT3M21S,hd,false,193501,12843,0,0,428
AvEp3cKmSQQ,Post Malone's Murder Circus Teaser Trailer | #HuntPartner | Hunt: Showdown 1896,Post Malone's Murder Circus Teaser Trailer | #HuntPartner | Hunt: Showdown 1896,2024-11-27T15:00:19Z,UCd-9pZ4Vcmsjw5TsPKWrigw,Hunt: Showdown,20,"['huntshowdown', 'hunt', 'showdown', 'crytek', 'cryengine', 'gaming', 'the hunt', 'postmalone', 'trailer', 'teaser', 'huntshowdownpostmalone', 'Hunt: Showdown Post Malone', 'Video Game', 'Hunt: Showdown 1896', ""Post Malone's Murder Circus"", 'Post Malone Event']",PT28S,hd,true,79407,3449,0,0,974
r74MZyknkD0,Daz Watches Candys Cooking 2,Daz Watches Candys Cooking 2,2024-11-26T18:00:25Z,UCDBCCMlFD-hArPbWv38FINA,Daz Games,24,"['Daz', 'games', 'daz', 'watches', 'daz black', 'HORROR', 'SCARY', 'LAUGH', 'COMEDY', 'DAZ GAMES', 'humor', 'daz watches', 'amazing']",PT33M44S,hd,false,740104,47218,0,0,5625
_ikDX9ICJEM,Why It Sucks to Be Born as a Horse,Why It Sucks to Be Born as a Horse,2024-11-27T00:47:46Z,UC5VOJu0zWFjrXjuCBKcfZsg,Dinzo,15,"['Horse', 'animals', 'Dinzo']",PT9M33S,hd,false,607844,32629,0,0,2381
22ek6PcMSXM,Ilona Maher‚Äôs Finale Freestyle ‚Äì Dancing with the Stars,Ilona Maher‚Äôs Finale Freestyle ‚Äì Dancing with the Stars,2024-11-27T07:00:00Z,UCLOIoa2aEGcM-z1hJx4vy4w,Dancing With The Stars,24,"['Disney+', 'Disney Plus', 'Disney', 'streaming', 'Dancing With The Stars', '#DWTS', 'Alfonso Ribeiro', 'Julianne Hough', 'ABC', 'ABC Network', 'Hulu', 'Derek Hough', 'Carrie Ann Inaba', 'Bruno Tonioli']",PT2M10S,hd,false,273689,3965,0,0,179
TUWDd3IDLi4,China: No One Will Win A Trade War After Trump Tariff Announcement | Forbes Topline,China: No One Will Win A Trade War After Trump Tariff Announcement | Forbes Topline,2024-11-26T21:25:52Z,UCmh7afBz-uWwOSSNTqUBAhg,Forbes,25,"['Forbes', 'Forbes Media', 'Forbes Magazine', 'Forbes Digital', 'Business', 'Finance', 'Entrepreneurship', 'Technology', 'Investing', 'Personal Finance']",PT2M8S,hd,false,252788,2360,0,0,2216
szwExMvoSz8,How US Thanksgiving Wasn't What I Expected,How US Thanksgiving Wasn't What I Expected,2024-11-27T01:59:42Z,UCqabPJa-N6ORAlO5yMBtWXg,Lost in the Pond,23,"['Laurence Brown', 'America', 'Thanksgiving']",PT11M55S,hd,false,194454,15584,0,0,1782
CULKDBFD52c,ÏßÑ ÏóîÎî©ÏùÄ HAPPY ÏóîÎî©üíú,ÏßÑ ÏóîÎî©ÏùÄ HAPPY ÏóîÎî©üíú,2024-11-27T12:00:01Z,UCLkAepWjdylmXSltofFvsYQ,BANGTANTV,10,"['Î∞©ÌÉÑÏÜåÎÖÑÎã®', 'BTS', 'BANGTAN', 'ÏïåÏó†', 'RM', 'ÏäàÍ∞Ä', 'SUGA', 'Ï†úÏù¥Ìôâ', 'jhope', 'ÏßÄÎØº', 'Ï†ïÍµ≠', 'k-pop', 'Î∞©ÌÉÑ', 'j-hope', 'Jung Kook', 'Jimin', 'BTS V', 'Jin']",PT1M9S,hd,true,911051,151392,0,0,5687
g1UJg4WhDl0,Dad Reacts to Kendrick Lamar - GNX,Dad Reacts to Kendrick Lamar - GNX,2024-11-26T21:42:35Z,UCgmDCcn9oo7m9XCIfi8eavw,turning the tables,22,"['GNX album review', 'father and son reaction', 'GNX review with dad', 'Kendrick Lamar music review', 'dad reacts to Kendrick Lamar', 'GNX album first listen', 'Kendrick Lamar reaction', 'new Kendrick Lamar music', 'GNX first impression', 'Kendrick Lamar 2024 album', 'Kendrick Lamar reaction with dad', 'GNX album reaction', 'Kendrick Lamar new album', 'Kendrick Lamar GNX reaction', 'Kendrick Lamar GNX SZA feature', 'GNX album reaction SZA feature', 'squabble up Kendrick Lamar', 'Kendrick Dad Reacts', 'Dad Reacts']",PT52M59S,hd,false,246756,13799,0,0,876
J62FYosjFIs,"these games wanted to sponsor me, i said no and reviewed them anyway","these games wanted to sponsor me, i said no and reviewed them anyway",2024-11-26T23:01:41Z,UCrPseYLGpNygVi34QpGNqpA,Ludwig,20,"['ludwig', 'ludwigahgren', 'ahgren', 'gaming', 'chat', 'stream', 'decides', 'lud']",PT35M3S,hd,false,1107564,42271,0,0,1399
qlcHIjNtAzM,Thanksgiving Special: Chicken falls in love!,Thanksgiving Special: Chicken falls in love!,2024-11-26T15:00:57Z,UCBrMq7wkdPWb3PxR-GUR61A,Hay Day,20,"['Hay Day', 'HayDay', 'Supercell', 'Suprcell', 'Farming', 'Farm life', 'mobile', 'tablet', 'mobile game', 'game', 'yt:cc=on', 'ios', 'android', 'amazon', 'series', 'farmer', 'pig', 'horse', 'cow', 'sheep', 'goat', 'puppy', 'dog', 'kitten', 'cat', 'fishing', 'sanctuary', 'elephant', 'zebra', 'giraffe', 'hippo']",PT43S,hd,false,549124,14143,0,0,391
bt8BwJs2JWI,Can I remake those SH*TTY mobile games in 1 HOUR?,Can I remake those SH*TTY mobile games in 1 HOUR?,2024-11-26T01:33:50Z,UC0e3QhIYukixgh5VVpKHH9Q,Code Bullet,27,"['artificial', 'intelligence', 'coding', 'processing', 'java', 'machine', 'learning', 'genetic', 'algorithm', 'evolution', 'computer', 'science', 'programming', 'comedy', 'educational']",PT23M13S,hd,true,1522531,92462,0,0,2633
UkX6xJQnMm8,Drake Escalates Rap Beef By Accusing UMG Of Unfairly Promoting Kendrick Lamar's 'Not Like Us',Drake Escalates Rap Beef By Accusing UMG Of Unfairly Promoting Kendrick Lamar's 'Not Like Us',2024-11-26T16:59:13Z,UC5RwNJQSINkzIazWaM-lM3Q,HOT 97,24,"['hot97', 'hip hop', 'New York', 'NY', 'US', 'United States', 'HOT97.com', '#hot97']",PT11M15S,hd,false,143107,3370,0,0,1471
u67l_2pQ640,xxxxx,xxxxx,2024-11-27T04:15:06Z,UCyq9MeLaaVq4lSHj9fuvAiQ,FruitySama,20,[],PT35S,hd,false,157308,7300,0,0,1297
Zm29ngg2IKo,Grandma is secretly a serial killer and cannibal?? The shocking crimes of the Granny Ripper,Grandma is secretly a serial killer and cannibal?? The shocking crimes of the Granny Ripper,2024-11-25T20:00:16Z,UCtNdVINwfYFTQEEZgMiQ8FA,Bailey Sarian,24,"['Bailey sarian', 'youtube bailey sarian', 'bailey sarian youtube', 'bailey', 'mystery makeup monday', 'monday mystery makeup', 'mystery makeup', 'mystery makeup mondays', 'new makeup tutorial', 'makeup and story time', 'story time and makeup', 'story time', 'grwm', 'grwm and makeup', 'get ready with me and makeup', 'makeup grwm', 'flawless foundation', 'mystery monday', 'mystery', 'monday story time', 'dark history', 'history story', 'hilarious', 'true crime story', 'true crime', 'tiktok', 'tattoo tour', 'tattoos', '90s makeup', 'grunge']",PT40M21S,hd,false,700708,36775,0,0,8919
HAMmbft41Uc,THE VIKTOR REWORK IS HERE AND IT'S THE BEST OF ALL-TIME! (BRAND NEW ULTIMATE),THE VIKTOR REWORK IS HERE AND IT'S THE BEST OF ALL-TIME! (BRAND NEW ULTIMATE),2024-11-26T22:18:23Z,UCpUS8oR-IJSP3gFYrGAWEuQ,TC Zwag,20,[],PT32M53S,hd,false,321481,8457,0,0,577
B9RDf-1yT8A,"Cleetus McFarland's ""Mullet"" is HERE! What's the Plan?","Cleetus McFarland's ""Mullet"" is HERE! What's the Plan?",2024-11-26T19:30:04Z,UCn4Sml6YOxXxRC94qPXw5Zw,CJ Race Cars,2,"['ProMod', 'RVW', 'Pro275', 'Drag Car', 'Chassis Builder', 'Race Car Builder', 'Race Cars', 'Drag Cars', 'Drag Racing', 'Chassis Shop', 'N/T', 'N/T Racing', 'No Prep Racing', 'No Prep', 'NPK', 'Street Outlaws', 'Murder Nova', 'Daddy Dave', 'CJRC', 'CJ Race Cars', 'CJ Racecars', 'Bradenton Motorsports Park', 'Orlando Speedway', 'South Georgia Motorsports Park']",PT16M6S,hd,false,322700,25193,0,0,2641
7SK-lbMFqYI,Sounds From The Sideline: #DALvsWAS | Dallas Cowboys 2024,Sounds From The Sideline: #DALvsWAS | Dallas Cowboys 2024,2024-11-27T00:42:24Z,UCC0BPKJxAyxjQoRTYbpW0FQ,Dallas Cowboys,17,"['dallas cowboys', 'sounds from the sideline dallas cowboys', 'cowboys', 'micah parsons', 'cowboys sounds from the sideline', 'micah parsons highlights', 'trevon diggs', 'ceedee lamb', ""dallas cowboys mic'd up"", 'sounds of the sideline cowboys', 'cowboys sound', 'cowboys break', 'talkin cowboys', 'dallas cowboys highlights', 'hangin with the boys', 'dallas vs. philadelphia', 'cowboys eagles', 'cowboys nation', 'go cowboys', 'how bout them cowboys', 'somos cowboys', 'mick shots', 'players lounge', 'dak', 'CeeDee', 'DaRon Bland']",PT7M45S,hd,false,62647,2305,0,0,295
2HVdUoqU-ts,Man. City vs. Feyenoord: Extended Highlights | UCL League Phase MD 5 | CBS Sports Golazo,Man. City vs. Feyenoord: Extended Highlights | UCL League Phase MD 5 | CBS Sports Golazo,2024-11-26T22:38:56Z,UCET00YnetHT7tOpu12v8jxg,CBS Sports Golazo,17,"['Champions League', 'Europa League', 'Soccer', 'UEFA', 'UCL', 'European Soccer', 'European Football', 'European Futbol', 'UEL', 'UCL Highlights', 'Champions League Highlights', 'Football', 'CBS Golazo', 'CBS', 'Micah Richards', 'Jamie Carragher', 'Thierry Henry', 'CBS Studio']",PT11M13S,hd,false,819379,10269,0,0,1653
83chO9NuWAg,Total War: WARHAMMER III - Omens of Destruction Announce Trailer,Total War: WARHAMMER III - Omens of Destruction Announce Trailer,2024-11-26T14:59:00Z,UCugJq15BiB-c1NDYPHiznWQ,Total War,20,"['Total War', 'warhammer', 'total war warhammer', 'rome total war', 'warhammer 2 total war', 'total war rome 2', 'medieval total war', 'medieval total war 2', 'three kingdoms total war', 'total war gameplay', 'shogun 2 total war', 'total war saga', 'total war warhammer gameplay', '3 kingdoms', 'new', 'gameplay', 'trailer', 'warhammer 3', 'total war warhammer 3', 'Total War PHARAOH', 'pharaoh', 'total war deep dive', 'deep dive', 'gameplay showcase', 'total war gameplay showcase']",PT1M56S,hd,true,357427,20250,0,0,1774
eHRsEZjdCjI,The Chosen: Last Supper Teaser (Season 5),The Chosen: Last Supper Teaser (Season 5),2024-11-25T15:00:06Z,UCBXOFnNTULFaAnj24PAeblg,The Chosen,24,"['the chosen', 'the chosen tv series', 'bingeJesus', 'GetUsedtoDifferent', 'Faith-based', 'Bible show', 'Christianity', 'Jesus show', 'what to watch', 'tv show', 'bible series', 'new testament', 'new testament series', 'chosen official trailer', 'chosen teaser', '12 apostles', 'last supper', 'cleansing the temple', 'betrayal of jesus', 'judas', 'judas iscariot', 'official trailer', 'official teaser', 'jesus christ', 'holy week', 'triumphal entry', 'the chosen season 5', 'the chosen last supper', 'season 5 trailer', 'season 5 teaser']",PT1M9S,hd,true,921033,56861,0,0,5128
9SsSl3qoOSw,Jorsshh x Fuerza Regida - ROSONES (VIDEO OFICIAL),Jorsshh x Fuerza Regida - ROSONES (VIDEO OFICIAL),2024-11-26T00:03:09Z,UCFLI6KAjrKRtydD7KqiYvAw,FUERZA REGIDA,10,"['fuerza regida', 'jop', 'music video', 'NEL', 'fuerza regida nel', 'pero nel', 'video oficial', 'Jesus Ortiz paz', 'secreto victoria', 'PERO NO TE ENAMORES', 'pero no te enamores tour', 'fuerza regida pero no te enamores', 'die with a smile', 'I can do it with a broken heart', 'not like us', 'si no quieres no', 'Luis r conriquez', 'peso pluma', 'la patrulla', 'gata only', 'tito doble p', 'incomodo', 'ROSONES', 'JORSSHH', 'DOLCEGABANA']",PT3M20S,hd,false,897159,34342,0,0,2139
cmCfG7nkbpo,"Best Rug Art Wins $1,000!","Best Rug Art Wins $1,000!",2024-11-24T22:11:15Z,UClQ3NafOy_42dJ0toK3QUKw,Stay Wild,24,"['Ben Azelart', 'Stay Wild', 'Stay Wild Vlogs', 'Cam Huff', 'Stay Wild Reacts', 'Stay Wild Gaming']",PT1H7M31S,hd,false,10337507,166578,0,0,15706
QZuIRF0wrhs,Testing Roblox's Most TERRIFYING Myths..,Testing Roblox's Most TERRIFYING Myths..,2024-11-25T18:51:39Z,UCsPMNatXCwqyUuJilBT73jg,CaylusBlox,20,"['caylusblox', 'caylus roblox', 'caylus', 'caylus gaming', 'caylus infinite', 'infinite lists', 'calus', 'callus', 'calis', 'roblox', ""Testing Roblox's Most TERRIFYING Myths.."", 'caylus myths', 'testing myths', 'caylus testing myths', 'testing roblox myths', 'testing scary myths', 'testing robloxs scariest myths']",PT18M36S,hd,false,716745,19701,0,0,1106
DlMLfxxvKD8,The Online Gambling Epidemic,The Online Gambling Epidemic,2024-11-24T20:39:52Z,UCTSRIY3GLFYIpkR2QwyeklA,Drew Gooden,23,"['drew gooden', 'comedy', 'commentary', 'reaction', 'vine', 'drew gooden vine', 'road work ahead guy', 'parody', 'rant', 'cringe', 'xqc', 'adin ross', 'kick', 'gambling streams', 'twitch', 'togi']",PT28M4S,hd,true,2959121,190369,0,0,12937
jUDOYB7wdKo,Nick Eh 30 VS 100 Nick Eh 30's!,Nick Eh 30 VS 100 Nick Eh 30's!,2024-11-25T22:00:27Z,UCqg3BHb31w2h77vFuTFmp2w,CouRage Gaming,20,[],PT16M35S,hd,false,733587,19798,0,0,652
UQcrccAjMBg,"DRAKE WENT TO THE FEDS ON KENDRICK! |  HE SUES UMG AND SPOTIFY OVER ""NOT LIKE US"" !","DRAKE WENT TO THE FEDS ON KENDRICK! |  HE SUES UMG AND SPOTIFY OVER ""NOT LIKE US"" !",2024-11-26T04:28:07Z,UCKUCm3FepRrl-VKhq0Wwajg,No Life Shaq,24,"['Nolifeshaq reactions', 'hip hop reactions', 'music', 'drake sues umg', 'drake sues label', 'drake sues spotify', 'drake sues universal', 'drake sues record label', 'drake sues umg akademiks', 'kendrick lamar not like us', 'kendrick lamar squabble up', 'kendrick lamar new album', 'kendrick lamar tv off', 'kendrick lamar reincarnated', 'kendrick lamar gnx', 'kendrick lamar']",PT8M31S,hd,false,542501,25135,0,0,7436
azXYPL7aq_k,I Built a SECRET Soccer Field in My Room,I Built a SECRET Soccer Field in My Room,2024-11-24T17:07:17Z,UCja7QUMRG9AD8X2F_vXFb9A,The Royalty Family,22,"['The Royalty Family', 'Royalty Family', 'Andrea Espada', 'Family Friendly', 'Royalty', 'Royal Family', 'The Royal Family', 'Royalty Fam', 'The Royalty Fam', 'Realty Family', 'Roti Family', 'Family Vlog', 'royalty family', 'royalty', 'royal', 'royalty fam', 'Ali andrea', 'Andrea ali', 'royalty gaming', 'royalty baby', 'challenge', 'Jordan matter', 'Rebecca zamolo', '24 hours', 'we survived', 'survived', 'our sons big accident', 'I built', 'built', 'I built a secret soccer field in my room', 'soccer field', 'secret', 'in my room']",PT27M11S,hd,false,4021319,57259,0,0,34418
YMREv2DOvwA,When VAN HELSING put DRACULA in a coffin after becoming a WEREWOLF,When VAN HELSING put DRACULA in a coffin after becoming a WEREWOLF,2024-11-25T22:09:56Z,UCyGf2tZ8oRri9fIwGaOeppA,BlankBoy,17,"['van helsing', 'van helsing dracula', 'van helsing vs dracula', 'van helsing clip', 'van helsing scene', 'van helsing hugh jackman', 'van helsing frankenstein', 'dracula', 'dracula vs van helsing', 'van helsing igor', 'van helsing dracula death', 'van helsing dracula scene', 'van helsing werewolf', 'van helsing fight', 'van helsing dracula vs werewolf', 'van helsing 2004', 'van helsing werewolf vs dracula', 'van helsing final battle', 'van helsing final battle with dracula', 'werewolf vs van helsing', 'werewolf']",PT31M34S,hd,false,224202,15773,0,0,762
_orF3gNxqLA,Fortnite's *FREE* JUICE WRLD SKIN NOW AVAILABLE! (How to Unlock),Fortnite's *FREE* JUICE WRLD SKIN NOW AVAILABLE! (How to Unlock),2024-11-25T14:58:37Z,UCsnGeV10a723yPypUtOJPiQ,oShven,20,"['fortnite', 'fortnite item shop', 'fortnite juice wrld', 'fortnite how to unlock juice wrld', 'fortnite juice wrld skin', 'fortnite new update', 'fortnite news', 'fortnite update', 'fortnite juice wrld skin free', 'fortnite juice wrld event', 'fortnite free skin', 'juice wrld', 'fortnite travis scott', 'fortnite how to', 'juice', 'wrld', 'oShven']",PT8M28S,hd,false,441890,4705,0,0,1475
43wNvGZAIWU,HUGE STITCH CHRISTMAS HAUL!! | Louie‚Äôs Life,HUGE STITCH CHRISTMAS HAUL!! | Louie‚Äôs Life,2024-11-25T21:15:22Z,UCZDdF_p-L88NWVpzF0vjvMQ,Louie's Life,24,"['christmas', 'Christmas haul', 'christmas decor', 'decor', 'decorations', 'christmas decorations', 'haul', 'huge haul', 'christmas huge haul', 'shopping', 'christmas shopping', 'stitch', 'stitchmas', 'christmas stitch', 'stitch decor', 'stitch finds', 'disney', 'disneyland', 'disney finds', 'louie', 'louie castro', 'Louies life', 'louie decor', 'louie christmas decor', 'louie decorating', 'louie and parents']",PT34M19S,hd,false,166407,11591,0,0,664
0VW3HQmjntw,How To Get juice wrld Skin in fortnite Now (Free Slayer juice wrld skin),How To Get juice wrld Skin in fortnite Now (Free Slayer juice wrld skin),2024-11-25T14:18:52Z,UCpXUOuklbTvb2SX8sTWlzHQ,Fortnite Events,20,['when is juice wrld coming to fortnite'],PT54S,hd,false,374789,3564,0,0,533
Aja2KfuoqGA,Jake Paul vs. Mike Tyson FIGHT HIGHLIGHTS ü•ä | ESPN Ringside,Jake Paul vs. Mike Tyson FIGHT HIGHLIGHTS ü•ä | ESPN Ringside,2024-11-16T05:56:22Z,UCiWLfSweyRNmLpgEHekhoAg,ESPN,17,"['mike tyson', 'mike tyson highlights', 'jake paul highlights', 'mike tyson jake paul', 'jake paul mike tyson', 'mike tyson espn', 'mike tyson espn ringside', 'mike tyson vs jake paul highlights', 'jake paul vs mike tyson highlights', 'espn ringside', 'mike tyson boxing', 'jake paul boxing', 'boxing jake paul', 'boxing mike tyson', 'iron mike tyson', 'mike tyson loss vs jake paul', 'jake paul beats mike tyson', 'espn ringside jake paul']",PT2M35S,hd,false,34143808,265245,0,0,54755
FQ7to17KRPA,How to Get JUICE WRLD SKIN in Fortnite (NOW),How to Get JUICE WRLD SKIN in Fortnite (NOW),2024-11-25T19:10:54Z,UCPIzPN_V3Wk2KN5wIK3Kwsg,gattu,20,"['How to Get the JUICE WRLD SKIN in Fortnite', 'How to Get JUICE WRLD SKIN in Fortnite', 'fortnite', 'fortnite juice wrld', 'juice wrld fortnite', 'fortnite juice wrld skin', 'juice wrld skin', 'juice wrld skin fortnite', 'how to get juice wrld', 'how to get juice wrld in fortnite', 'how to get juice wrld skin in fortnite', 'how to get juice wrld skin for free in fortnite', 'juice wrld free skin', 'juice wrld concert', 'juice wrld event', 'juice wrld exotic', 'fortnite update', 'new', 'how to unlock juice wrld']",PT3M20S,hd,false,595361,5771,0,0,636
INQlQYEjpQo,Kendrick Lamar's New Album Changes Everything....,Kendrick Lamar's New Album Changes Everything....,2024-11-25T03:55:53Z,UCg8xaLuLPSqDki04Ulo2ywg,Louaista,10,"['louaista', 'documentaries', 'hip hop', 'kendrick lamar', 'gnx album', 'kendrick gnx', 'wacced out murals', 'kendrick lamar mural', 'kendrick lamar new album', 'kendrick lamar drake diss', 'drake diss', 'drake', 'ovo', 'not like us', 'kendrick lamar diss track', 'kdot', 'dody6', 'roddy ricch']",PT22M35S,hd,false,1091929,39078,0,0,3883
hLrM3VqNruc,Happy 5 Years! Recording the Helluva Boss Pilot,Happy 5 Years! Recording the Helluva Boss Pilot,2024-11-25T18:00:33Z,UCzfyYtgvkx5mLy8nlLlayYg,Vivziepop,1,"['Vivziepop', 'Zoophobia']",PT11M40S,hd,false,725735,95019,0,0,3927
aGXQR_dll1U,IMPOSSIBLE Minecraft - Episode 1,IMPOSSIBLE Minecraft - Episode 1,2024-11-26T17:00:01Z,UCR9Gcq0CMm6YgTzsDxAxjOQ,Grian,20,"['Minecraft', 'Grian', 'grian', 'mincraft', 'tutorial', 'yt:quality=high', 'minecraft', 'ideas', 'build', 'impossible minecraft']",PT19M58S,hd,true,1047103,92912,0,0,3378
G05856RuL0I,Baltimore Ravens vs. Los Angeles Chargers Game Highlights | NFL 2024 Season Week 12,Baltimore Ravens vs. Los Angeles Chargers Game Highlights | NFL 2024 Season Week 12,2024-11-26T04:36:21Z,UCDVYQ4Zhbm3S2dlz7P1GBDg,NFL,17,[],PT11M25S,hd,true,1749832,21815,0,0,1784
lPpI57crWBk,Top 10 Costco Black Friday Deals 2024,Top 10 Costco Black Friday Deals 2024,2024-11-24T19:00:59Z,UC5Qbo0AR3CwpmEq751BIy0g,The Deal Guy,28,"['the deal guy', 'costco', 'costco store', 'costco shopping', 'costco shop with me', 'costco shopping secrets', 'costco canada', 'costco deals', 'costco 2024', '2024 costco', 'what to buy at costco', '10 things you should buy at costco', 'best things costco', 'costco shopping 2024', 'new at costco', 'costco black friday 2024', 'costco black friday', 'black friday costco', 'black friday costco 2024', 'black friday deals 2024', 'black friday deals 2024 costco', 'black friday', 'black friday 2024', '2024 black friday']",PT15M56S,hd,true,1870504,56613,0,0,990
IC32zBGdJok,Why The US is Struggling to Return to the Moon,Why The US is Struggling to Return to the Moon,2024-11-25T18:00:14Z,UCR1IuLEqb6UEA_zQ81kwXfg,Real Engineering,28,"['engineering', 'science', 'technology', 'education', 'history', 'real']",PT19M55S,hd,true,652667,19818,0,0,3888
gBYkA__THmk,"Drake Files Unprecedented Petition Against UMG Over ""Not Like Us""","Drake Files Unprecedented Petition Against UMG Over ""Not Like Us""",2024-11-26T00:40:13Z,UCMF7C3hqyVA4bvTb0x0cdHw,The Company Man,24,"['Hip Hop', 'Rap', 'Justin Hunte', 'News', 'Music Business', 'The Company Man', 'HipHopDX', 'Rap Beef', 'All Out Show', 'Rude Jude', 'Fun', 'Rhymes', 'Entertainment', 'History', 'Breakdown', 'Break Down', 'Conversations', 'Discussion', 'Podcast', 'Think Piece', 'SiriusXM', 'Shade45', 'reactions to songs', 'reactions', 'company man', 'thecompanyman', 'the company man podcast', 'the company man reaction', 'justin hunte reaction', 'justin hunte the company man', 'hip hop reaction', 'Drake', 'Not Like Us', 'UMG', 'Kendrick Lamar']",PT18M20S,hd,false,94083,6060,0,0,2385
0SerEuqAlAA,I built a MODERN apple iPod...,I built a MODERN apple iPod...,2024-11-25T17:00:01Z,UCqxM9T6ksiOVKIkb88S2r7Q,Zac Builds,26,"['diy', 'woodworking', 'building', 'build', 'diyproject', 'construction', 'woodcraft', 'craft', 'builds', 'ipod classic usb c mod', 'ipod classic 5.5', 'ipod classic 5th generation', 'ipod classic battery replacement', 'ipod classic 2024', 'ipod classic rockbox', 'custom ipod classic', 'ipod classic', 'custom ipod', 'custom ipod classic bluetooth', 'custom ipod spotify', 'custom ipod software', 'ipod classic bluetooth mod', 'ipod classic mod', 'ipod upgrade', 'ipod bluetooth', 'ipod battery', 'ipod sd card', 'ipod memory', 'ipod storage']",PT24M43S,hd,true,431091,21060,0,0,1400
QxyLJ8Ao93I,Testing Crazy Catnip Products!,Testing Crazy Catnip Products!,2024-11-25T17:00:23Z,UCq4qiifOaFGW3a2oljSfxUg,Half-Asleep Chris,22,[],PT8M46S,hd,true,363387,10321,0,0,1281
CuDccPQMXlE,Leno Drives Legendary 1969 Camaro Z28 Rally Sport with an Incredible Backstory! | Jay Leno's Garage,Leno Drives Legendary 1969 Camaro Z28 Rally Sport with an Incredible Backstory! | Jay Leno's Garage,2024-11-25T17:00:07Z,UCQMELFlXQL38KPm8kM-4Adg,Jay Leno's Garage,2,"['Jay Leno‚Äôs Garage', '1969 Camaro Z28', 'Camaro Rally Sport', 'classic cars', 'muscle cars', 'vintage cars', 'car restoration', 'Barrett-Jackson auction', 'Glenn Stearns Camaro', 'Chevrolet Camaro Z28', 'pony cars', 'American muscle cars', 'first-generation Camaro', 'Camaro history', 'Jay Leno drives Camaro', 'iconic cars', 'car enthusiasts', 'automotive stories', 'legendary cars']",PT18M16S,hd,false,238725,8322,0,0,1075
3C1n5lqGdmY,KISSIK Lyrical Video | Pushpa 2 The Rule | Allu Arjun | Sukumar | Sreeleela | DSP,KISSIK Lyrical Video | Pushpa 2 The Rule | Allu Arjun | Sukumar | Sreeleela | DSP,2024-11-24T14:33:09Z,UCnJjcn5FrgrOEp5_N45ZLEQ,T-Series Telugu,10,"['Telugu songs new', 'Tollywood songs 2024', 'Telugu movies 2024', 'tseries', 'KISSIK Lyrical Video', 'KISSIK Lyrical Video allu arjun', 'KISSIK Lyrical Video sreeleela', 'KISSIK Video sreeleela and allu arjun', 'allu arjun and sreeleela', 'kissik Video pushpa 2', 'pushpa 2 the rule', 'pushpa 2 the rule kissik Video', 'kissik Lyrical Video pushpa 2 the rule', 'kissik Video allu arjun', 'allu arjun New Song', 'sreeleela New Song', 'sreeleela Dance Song', 'Pushpa 2 the Rule New Song', 'kissing song video new']",PT4M11S,hd,false,34560494,560563,0,0,26249
d3mqW9wqqx0,izna 'IZNA' MV,izna 'IZNA' MV,2024-11-25T09:00:07Z,UCfbYNlxgLuKJXQZEhkMmaCQ,izna (Ïù¥Ï¶àÎÇò),22,"['izna', 'Ïù¥Ï¶àÎÇò', 'WAKEONE', 'Ïõ®Ïù¥ÌÅ¨Ïõê', 'Í±∏Í∑∏Î£π', 'ÏïÑÏù¥Îèå', 'IDOL', 'Kpop', 'ÏºÄÏù¥Ìåù', 'I LAND', 'ÏïÑÏù¥ÎûúÎìú']",PT2M56S,hd,true,19447344,233878,0,0,20228
jBTxWse2T08,"FREE JUICE WRLD SKIN OUT EARLY in Fortnite! (How to Get it, REWARDS, NEW UPDATE)","FREE JUICE WRLD SKIN OUT EARLY in Fortnite! (How to Get it, REWARDS, NEW UPDATE)",2024-11-26T02:12:06Z,UCsnGeV10a723yPypUtOJPiQ,oShven,20,"['fortnite', 'fortnite juice wrld', 'fortnite item shop', 'how to get free juice wrld skin in fortnite', 'juice wrld free skin', 'fortnite how to unlock juice wrld', 'fortnite juice wrld skin', 'fortnite new update', 'fortnite news', 'fortnite update', 'fortnite juice wrld skin free', 'fortnite juice wrld event', 'fortnite free skin', 'juice wrld', 'fortnite travis scott', 'fortnite how to', 'juice', 'wrld', 'oShven']",PT8M10S,hd,false,132212,2410,0,0,1032
3zx1PwFXFdQ,"Season 1 Reveal, Gameplay Preview & Ranked Resets | Dev Update - League of Legends","Season 1 Reveal, Gameplay Preview & Ranked Resets | Dev Update - League of Legends",2024-11-25T16:00:03Z,UC2t5bjwHdUX4vM2g8TRDq5g,League of Legends,20,"['Riot Games', 'Riot', 'League of Legends', 'League', 'LoL', 'MOBA', 'Dev update', 'league of legends', 'Season One 2025', 'Atakhan', 'Ranked resets']",PT15M11S,hd,true,939245,38339,0,0,3283
8BbNd_LDHDA,Nightmare on Reroll Street: Part 2 | Into the Arcane Launch Cinematic - Teamfight Tactics,Nightmare on Reroll Street: Part 2 | Into the Arcane Launch Cinematic - Teamfight Tactics,2024-11-25T14:05:00Z,UCiVO_mThS9B3tNc_kzpn-3g,Teamfight Tactics,20,"['tft', 'teamfight tactics', 'team fight', 'little legend', 'tactician', 'chibi champion', 'set', 'auto battle', 'auto chess', 'league of legends', 'arcane', 'netflix', 'season 2', 'whisker', 'molediver', 'pengu', 'furyhorn', 'choncc', 'black rose', 'vander', 'silco', 'jinx', 'powder', 'vi', 'violet', 'renni', 'jayce', 'singed', 'ekko', 'scar', 'firelight', 'piltover', 'zaun', 'undercity', 'bridge', 'mel medarda', 'viktor', 'warwick', 'hexcore']",PT1M49S,hd,true,2509857,37398,0,0,1168
1gM7yMvwut0,Town Hall 17 & New Hero | Clash of Clans November Update,Town Hall 17 & New Hero | Clash of Clans November Update,2024-11-25T10:03:23Z,UCD1Em4q90ZUK2R5HKesszJg,Clash of Clans,20,"['clash of clans', 'COC', 'Clash of Clans Gameplay', 'Clash of Clans Strategy', 'Clash of Clans Animation', 'Clash of Clans Commercial', 'Clash of Clans Attacks', 'Clash of Clans Town Hall', 'Hog Rider', 'PEKKA', 'Clan Wars', 'season challenges', 'clan war leagues', 'clash on', 'clan game', 'clan games', 'clash-a-rama', 'clasharama', 'town hall 17', 'th17', 'town hall', 'november update', 'new troop', 'new spell', 'new hero', 'minion prince']",PT8M33S,hd,true,4991744,138139,0,0,8458
JydSNTZI57c,Larray Finds Quenlin Blackwell Love on The Button | Cut,Larray Finds Quenlin Blackwell Love on The Button | Cut,2024-11-24T16:00:14Z,UCbaGn5VkOVlcRgIWAHcrJKA,Cut,24,"['Cut', 'Watch Cut', 'people', 'people videos', 'storytelling', 'relationships', 'Dating', 'Interviews', 'Firsts', 'couples', 'exes', 'love', 'Kids Try', 'games', 'challenges', 'Ethnic groups', 'People Interviews', 'Dares', 'Truth or Dare', '100 ways', 'blind dates', '100 people', 'experiments', '#tbt', 'party games', 'Truth or Drink', 'HiHo Kids', 'Hiho', 'college', '100 YOB', '100 Years of Beauty']",PT29M1S,hd,false,960889,55075,0,0,2369
kZRSiQameQc,Unstoppable CR7! | Al Gharafa SC (QAT) - Al Nassr (KSA) | Highlights | AFC Champions League Elite‚Ñ¢,Unstoppable CR7! | Al Gharafa SC (QAT) - Al Nassr (KSA) | Highlights | AFC Champions League Elite‚Ñ¢,2024-11-25T21:21:55Z,UCnj0TjaM0wyxkAWW_nz8_1g,The AFC Hub,17,"['2024/25', 'ACL', 'AFC', 'AFC Champions League Elite‚Ñ¢', 'Al Gharafa SC', 'Al Nassr', 'Asian Football Confederation', 'Champions League', 'Elite', 'Football Asia', 'Football highlights', 'Highlights', 'asian football']",PT4M18S,hd,false,2667092,58879,0,0,1464
HI81otLtElg,SHOCKING ROUND 1 AT WORLD CHAMPIONSHIP,SHOCKING ROUND 1 AT WORLD CHAMPIONSHIP,2024-11-25T13:42:38Z,UCweCc7bSMX5J4jEH7HFImng,GMHikaru,20,"['Hikaru Nakamura', 'magnus carlsen', 'hikaru chess commentary', 'chess tournament', 'master chess moves', 'levy rozman', 'chess openings for white', 'chess openings for black', 'chess openings gothamchess', 'bongcloud', 'bongcloud speedrun', 'gothamchess', 'levy', 'gotham', 'hans', 'niemann', 'hans niemann', 'kramnik', 'cheating in chess', 'cheating chess', 'cheating', 'world chess championship', 'wcc', 'wcc 2024', 'championship 2024', 'gukesh vs ding', 'gukesh', 'ding', 'gukesh v ding', 'gukesh ding', 'ding gukesh', 'ding liren', 'liren ding']",PT25M,hd,false,413342,16431,0,0,1408
rzfS90MLD-E,CAN WE WIN THE TOURNAMENT? THE 7 ASIDE CUP,CAN WE WIN THE TOURNAMENT? THE 7 ASIDE CUP,2024-11-25T19:56:33Z,UCb-JBVeZwzsxBedIXl8OplA,5IVE GUYS FC,17,"['5iveguysfc', '5iveguys', 'fiveguys', '5ive guys', 'five guys', 'five guys fc', 'fiveguysfc', '5ive guys fc', '5 guys fc', '5 guys', '5guys', '5 aside football', '5iveguys slide tackles', '5iveguys fights', '5iveguysfc fights', '5ive guys fc oakwood', '5ive guys fc division 1', 'sweet chilli', '5ive guys fc sweet chilli', 'top of the league', 'volkan', 'volkan 5guys', '5ive guys volkan', 'WE PLAYED THE WEIRDEST TEAM YET!', '5iveguys bongo boys', 'bongo boys', 'Tournament', '5iveguys tournament', 'tournament 5ive guys']",PT32M56S,hd,false,413038,15516,0,0,3786
jcVNa1Jz8To,Kendrick Lamar - SQUABBLE UP BREAKDOWN? & REACTION,Kendrick Lamar - SQUABBLE UP BREAKDOWN? & REACTION,2024-11-25T20:23:10Z,UC9gn1WzruIOksNgdEvQucjg,JayBlac,24,"['Kendrick Lamar', 'Drake', 'Not Like Us', 'Superbowl', 'Super Bowl LIX. New Orleans. February 2025. #AppleMusicHalftime', 'Zias', 'Kendrick Lamar. Super Bowl LIX Halftime Show', 'Directed by: Dave Free', 'Eminem', 'NoLifeShaq', 'Jayblac', 'Kendrick Lamar - Not Like Us', 'J Cole', 'Kendrick Lamar - reincarnated (Official Audio)', 'Kendrick Lamar - wacced out murals (Official Audio)', 'GNX', 'squabble up']",PT10M42S,hd,false,115186,5893,0,0,898
HnGRgt3V2ko,Bishop T.D. Jakes suffers health incident after delivering sermon,Bishop T.D. Jakes suffers health incident after delivering sermon,2024-11-24T23:45:43Z,UCxMXl9L79X1Mq_4iwCOyPFg,CBS TEXAS,25,['CBS 11 News Mid-day'],PT1M31S,hd,false,339311,1952,0,0,1308
25bb8H0MOEM,The World‚Äôs Most Expensive Gym Membership ($10k/month),The World‚Äôs Most Expensive Gym Membership ($10k/month),2024-11-24T15:00:01Z,UCB2wtYpfbCpYDc5TeTwuqFA,Will Tennyson,22,[],PT25M13S,hd,false,2687748,70459,0,0,4183
aXhDkAhgoCM,Australia v India 2024-25 | First Test | Day Four,Australia v India 2024-25 | First Test | Day Four,2024-11-25T09:00:03Z,UCkBY0aHJP9BwjZLDYxAQrKg,cricket.com.au,17,['ausvind'],PT8M3S,hd,false,11300411,166929,0,0,3858
HmdG66dtnNM,Guess The Fake Athlete!,Guess The Fake Athlete!,2024-11-25T22:03:00Z,UCQIUhhcmXsu6cN6n3y9-Pww,Jesser,17,"['jesser', 'guess the pro', 'guess the fake athlete', 'guess the odd one out', 'odd one out', 'guess the secret nba player', 'secret nba player', 'guess the', 'guess that', 'guess the pro basketball player', 'guess that pro', 'basketball player', 'basketball', 'fake vs pro', 'guess the pro soccer player', 'guess the pro football player']",PT31M39S,hd,true,1015668,23580,0,0,893
jek9RyKqmlE,Australia v India 2024-25 | First Test | Day Three,Australia v India 2024-25 | First Test | Day Three,2024-11-24T11:00:55Z,UCkBY0aHJP9BwjZLDYxAQrKg,cricket.com.au,17,['ausvind'],PT8M2S,hd,false,11904697,200113,0,0,5220
xdLODs1bFxY,JUICE WRLD *FREE* Skin is OUT NOW!,JUICE WRLD *FREE* Skin is OUT NOW!,2024-11-25T10:22:17Z,UCIeZnTPkQL2wwiGJ1iqJMyA,FriendlyMachine,20,"['fortnite', 'battle royale', 'fortnite trailer', 'update', 'trailer', 'battle pass', 'new fortnite update', 'live event', 'live', 'fortnite live event', 'remix', 'leaks', 'mythic weapons', 'juice wrld', 'juice wrld fortnite', 'juice wrld skin', 'remix finale event', 'juice wrld location', 'juice wrld landmark', 'juice wrld event', 'skin', 'juice', 'wrld', 'reward', 'juice wrld update', 'juice wrld mythic', 'countdown', 'unlock', 'free skin', 'new', 'snoop dogg', 'remix finale', 'chapter 6', 'chapter 6 fortnite', 'juice wrld free skin', 'chapter 6 trailer']",PT12M8S,hd,false,574027,7826,0,0,1505
DesF9ikQgHQ,TRYING VIRAL TIKTOK SNACKS because i dont care for my health...,TRYING VIRAL TIKTOK SNACKS because i dont care for my health...,2024-11-24T20:00:04Z,UCAPw1N3BiVWTW6T-I2ReBWg,courtreezy,23,[],PT26M50S,hd,false,467308,32899,0,0,1398
sNd1-1GjMDY,Race Highlights | 2024 Las Vegas Grand Prix,Race Highlights | 2024 Las Vegas Grand Prix,2024-11-24T08:56:28Z,UCB_qr75-ydFVKSF9Dmo6izg,FORMULA 1,17,"['F1', 'Formula One', 'Formula 1', 'Sports', 'Sport', 'Action', 'GP', 'Grand Prix', 'Auto Racing', 'Motor Racing', 'lvgp', 'las vegas', 'george russell', 'lewis hamilton', 'max verstappen', 'lando norris', 'mercedes', 'red bull racing', 'wdc']",PT8M15S,hd,false,5950356,132092,0,0,4337
vCqZQOqUiqo,Happy Wheels in 2024 is crazy..,Happy Wheels in 2024 is crazy..,2024-11-24T17:00:49Z,UC-lHJZR3Gqxm24_Vd_AJ5Yw,PewDiePie,20,"['pewdiepie', 'pewds', 'pewdie']",PT21M50S,hd,false,1810907,148169,0,0,6651
Lot0Aq-loms,My Birth Defect,My Birth Defect,2024-11-23T17:00:27Z,UC2hm5rD_IrfYRMfq5YQudgA,Haminations,23,['Haminations'],PT9M18S,hd,false,3213038,126247,0,0,24137
JulHGThFYbc,Kendrick Perkins CALLS OUT Jamal Murray to HELP OUT Jokic! üò§ Concerns in Denver?! üëÄ | First Take,Kendrick Perkins CALLS OUT Jamal Murray to HELP OUT Jokic! üò§ Concerns in Denver?! üëÄ | First Take,2024-11-26T16:21:53Z,UCVSSpcmZD2PwPBqb8yKQKBA,NBA on ESPN,17,"['Stephen A. Smith', 'Stephen A.', 'Stephen A. Smith First Take', 'First Take', 'First Take ESPN', 'First Take Stephen A. Smith', 'First Take Stephen A.', 'Stephen A Smith', 'Stephen A Smith First Take', 'Stephen A First Take', 'Stephen A. Vs Shannon Sharpe', 'Shannon Sharpe', 'Shannon Sharpe First Take', 'Molly Qerim', 'Molly Qerim First Take', 'ESPN First Take', 'denever nuggets', 'denver nuggets', 'nuggets', 'nikola jokic', 'nba on espn', 'nba season', 'nba', 'denver nuggets media', 'new york knicks', 'jamal murray']",PT10M46S,hd,false,352710,3516,0,0,1361
hWI6gUAPtcg,Man City 0-4 Tottenham Hotspur | Premier League Highlights | Spurs THRASH Champions at Etihad,Man City 0-4 Tottenham Hotspur | Premier League Highlights | Spurs THRASH Champions at Etihad,2024-11-23T21:45:02Z,UCEg25rdRZXg32iwai6N6l0w,Tottenham Hotspur,17,"['Spurs', 'Tottenham Hotspur', 'ÌÜ†Ìä∏ÎÑò', 'ÏÜêÌù•ÎØº']",PT2M15S,hd,false,2908788,50135,0,0,2113
ltPzF_P7M5o,Manchester City v. Tottenham Hotspur | PREMIER LEAGUE HIGHLIGHTS | 11/23/2024 | NBC Sports,Manchester City v. Tottenham Hotspur | PREMIER LEAGUE HIGHLIGHTS | 11/23/2024 | NBC Sports,2024-11-23T20:02:08Z,UCqZQlzSHbVJrwrn5XvzrzcA,NBC Sports,17,"['premier league', 'premier league highlights', 'nbc sports', 'premier league live', 'epl highlights', 'english premier league', 'premier league 2024/25', 'pl highlights', 'premier league highlights today', 'premier league today', 'premier league 2024', 'PL', 'PL goals', 'Manchester City', 'Matchweek 12', 'Tottenham Hotspur', 'Manchester City highlights', 'Tottenham Hotspur highlights', 'Manchester City vs. Tottenham Hotspur', 'Manchester City vs. Tottenham Hotspur highlights', 'City vs. Spurs', 'James Maddison brace']",PT13M19S,hd,false,1188016,16541,0,0,1935
FnAGIceYIhA,Denver Broncos Highlights vs. Las Vegas Raiders | 2024 Regular Season Week 12,Denver Broncos Highlights vs. Las Vegas Raiders | 2024 Regular Season Week 12,2024-11-25T00:56:01Z,UCDGdBexlDZA8T7hnweWWyow,Denver Broncos,17,"['Denver Broncos', 'Denver Broncos vs. Las Vegas Raiders', 'nfl33', 'nfl33-highlights']",PT4M55S,hd,true,98251,1110,0,0,174
IcHYxUk2QIw,Alabama Crimson Tide vs. Oklahoma Sooners | Full Game Highlights | ESPN College Football,Alabama Crimson Tide vs. Oklahoma Sooners | Full Game Highlights | ESPN College Football,2024-11-24T04:03:54Z,UCzRWWsFjqHk1an4OnVPsl9g,ESPN College Football,17,"['college football espn', 'espn college football', 'college football', 'college football on espn', 'espn', 'cfb', 'college football 2024', 'cfbhighlights']",PT12M57S,hd,false,944605,9056,0,0,2965
qtJEARCasVY,i tried food from TEMU...,i tried food from TEMU...,2024-11-24T20:36:04Z,UC_UnVDztkvE1hw064XFTNSQ,BENOFTHEWEEK,25,"['benoftheweek', 'ben de almeida', 'FUNNY MUKBANG', 'temu', 'TEMU SNACK HAUL', 'SNACK HAUL', 'TEMU HAS SNACKS', 'SNACK REVIEW', 'TEMU REVIEW', '#Temu', '#TemuReview', 'temu banned']",PT14M17S,hd,false,950457,60014,0,0,5366
vzGCUIvOk_E,HIGHLIGHTS | Legan√©s 0-3 Real Madrid | LaLiga 2024/25,HIGHLIGHTS | Legan√©s 0-3 Real Madrid | LaLiga 2024/25,2024-11-24T21:56:44Z,UCWV3obpZVGgJ3j9FVhEjF2Q,Real Madrid,17,"['Real Madrid', 'Madrid', 'Real Madrid CF', 'Madridistas', 'Santiago Bernab√©u', 'Bernab√©u', 'Hala Madrid', 'Carlo Ancelotti', '„É¨„Ç¢„É´„Éª„Éû„Éâ„É™„Éº„Éâ', 'ÿ±ŸäÿßŸÑ ŸÖÿØÿ±ŸäÿØ', 'Î†àÏïå ÎßàÎìúÎ¶¨Îìú', 'Legan√©s', 'Leganes', 'Legan√©s vs Real Madrid', 'Legan√©s Real Madrid', 'Mbapp√©', 'Kylian Mbapp√©', 'Bellingham', 'Jude Bellingham', 'Jude', 'Fede Valverde', 'Fede', 'Valverde', 'Goal', 'Gol', 'Goles', 'Goals', 'Butarque', 'Estadio municipal de Butarque', 'LaLiga', 'Liga', 'Liga Espa√±ola', 'Arda G√ºler', 'Vini Jr.', 'Ancelotti', 'Brahim', 'Legan√©s 0-3 Real Madrid', 'Kylian', '„É¨„Ç¨„Éç„Çπ 3-0 „É¨„Ç¢„É´„Éª„Éû„Éâ„É™„Éº„Éâ', '„É¨„Ç¨„Éç„Çπ', '„Ç®„É≥„Éê„Éö', '„Éï„Çß„Éá', '„Éô„É™„É≥„Ç¨„É†']",PT3M9S,hd,false,1436528,38023,0,0,1194
caUyK0UiyxI,"Why I'm giving away my ""Million Dollar Idea""","Why I'm giving away my ""Million Dollar Idea""",2024-11-24T14:45:02Z,UCbtEd1MuY6gd2RpdWqkzXFw,Morley Kert,26,"['Morely', 'morly', 'kurt', 'morelykert', 'invention', 'product', 'design', 'entrepreneur', 'onewheel', 'electric', 'skateboard', 'vancouver', 'one', 'wheel', 'future', 'motion', 'invent', '3d', 'printing', 'digital', 'fabrication', 'inventor', 'business']",PT21M40S,hd,false,405740,16281,0,0,1189
43u7sm0bzsQ,Philadelphia Eagles vs. Los Angeles Rams Game Highlights | NFL 2024 Season Week 12,Philadelphia Eagles vs. Los Angeles Rams Game Highlights | NFL 2024 Season Week 12,2024-11-25T04:47:52Z,UCDVYQ4Zhbm3S2dlz7P1GBDg,NFL,17,[],PT14M27S,hd,true,1676208,20520,0,0,2278
4st9LQZE-MY,üá∫üá∏ President-elect Donald Trump arrives at Madison Square Garden alongside Elon Musk #UFC309 üòÆ‚Äçüí®,üá∫üá∏ President-elect Donald Trump arrives at Madison Square Garden alongside Elon Musk #UFC309 üòÆ‚Äçüí®,2024-11-17T03:07:32Z,UC4i_9WvfPRTuRWEaWyfKuFw,TNT Sports,17,"['TNT Sports', 'TNT Football', 'TNT', 'Discovery', 'Eurosport', 'Warner Bros.', 'Cricket', 'Football', 'UFC', 'Boxing', 'Premier League', 'Arsenal', 'Liverpool', 'Manchester United', 'Chelsea', 'Tottenham', 'Manchester City', 'Tyson Fury', 'Oleksandr Usyk', 'Joe Joyce', 'Bukayo Saka', 'Erling Haaland', 'Mohamed Salah', 'Bruno Fernandes', 'Conor McGregor', 'Dana White', 'MMA', 'Khabib Nurmagomedov', 'Moto GP', 'UEFA Champions League', 'Real Madrid', 'UEFA Europa League', 'UCL', 'UEL', 'Soccer', 'Tennis', 'Rugby', 'Olympics', 'Cycling', 'Baseball', 'WWE', 'Wrestling', 'Golf', 'F1', 'Sport']",PT4M31S,hd,false,7390416,119661,0,0,14735
Tpg9n8tzeu0,New Minion Prince Hero and Hero Hall in Clash of Clans!,New Minion Prince Hero and Hero Hall in Clash of Clans!,2024-11-24T13:00:36Z,UC85aYbNSFjsJdxfpxgQr8tA,Judo Sloth Gaming,20,"['clash of clans', 'coc', 'clash of clans gameplay', 'clash of clans attacks', 'clash of clans strategy', 'judo sloth', 'th17', 'town hall 17', 'new hero', 'minion prince', 'clash of clans new hero', 'coc new hero', 'clash of clans minion prince', 'coc minion prince', 'hero hall', 'hero hall tutorial', 'clash of clans update', 'coc update', 'update sneak peek', 'new update', 'sneak peek 3', 'hero hall guide', 'clash of clans new update', 'minion prince attack', 'town hall 17 update', 'th17 update']",PT16M17S,hd,false,1878440,66041,0,0,4576
XflVSOECsio,"Ohio State beats Indiana & Alabama, Ole Miss, A&M all go down: who‚Äôs in the Playoff and who‚Äôs out?","Ohio State beats Indiana & Alabama, Ole Miss, A&M all go down: who‚Äôs in the Playoff and who‚Äôs out?",2024-11-25T15:00:06Z,UCJn33SOv86632dLg_qVVlcg,The Joel Klatt Show: A College Football Podcast,17,"['football', 'college football', 'interviews', 'highlights', 'commentary & analysis', 'joel klatt', 'indiana hoosiers', 'Fox', 'Fox Sports', 'FS1', 'CFB', 'NCAA', 'Big 10', 'SEC', 'Big 12', 'B1G', 'Pac 12', 'sports', 'fox college football', 'cfb on fox', 'fs1', 'fox sports', 'NIL', 'college football playoff', 'college football highlights', 'big 12 conference', 'pac 12 conference', 'acc conference', 'big 10 conference', 'sec conference', 'hoosiers', 'indiana news', 'indiana football', 'ohio state', 'buckeyes']",PT45M53S,hd,false,165895,3714,0,0,1452
SWQlekOec-M,NoCap - Blame Myself/Block Fever Snippet (Official Video),NoCap - Blame Myself/Block Fever Snippet (Official Video),2024-11-24T02:54:59Z,UCvfat4DPrM3BM-xZ2zn5ruQ,NoCap,10,"['nocap', 'thebackendchild', 'ghetto angels', 'legend', 'point guard', 'rylo rodriguez', 'rylo', 'free ghetto', 'blind nights', 'freestyle', 'mobile', 'alabama', 'innocent', 'nba youngboy', 'quando rondo', 'evol', 'exotic', 'lyrics', 'rap lyrics', 'official', 'official video', 'official audio', 'mr crawford', 'yb']",PT3M14S,hd,false,327479,19820,0,0,989
SoICIEq9Gsk,The UPDATED GOATMAN mod is EVIL.. Minecraft: From the Fog,The UPDATED GOATMAN mod is EVIL.. Minecraft: From the Fog,2024-11-24T20:00:10Z,UCVZ9t0crMOnaOTz2WyWTmSA,Calvin,20,[],PT58M8S,hd,false,301818,19968,0,0,3020
_XNun1WecrA,Dallas Cowboys vs. Washington Commanders | 2024 Week 12 Game Highlights,Dallas Cowboys vs. Washington Commanders | 2024 Week 12 Game Highlights,2024-11-24T22:00:29Z,UCDVYQ4Zhbm3S2dlz7P1GBDg,NFL,17,[],PT13M39S,hd,true,1477785,18269,0,0,2376
TesZHj8rvn4,Season 2025 Breakdown | Welcome To Noxus,Season 2025 Breakdown | Welcome To Noxus,2024-11-25T16:00:32Z,UC0NwzCHb8Fg89eTB5eYX17Q,SkinSpotlights,20,"['Season', '2025', 'Season 2025', 'SkinSpotlights', 'Battle Pass', 'Season Pass', 'Atakhan', 'Ruinous', 'Voracious', 'Ruins Atakhan', 'Voracious Atakhan', 'Feats of Strength', 'Noxus', 'Noxian Invasion', 'Welcome to Noxus', 'Arcane', 'Arcane Season 2', 'Ambessa', 'Mel']",PT9M10S,hd,false,692770,22285,0,0,1276
MEi7WlKb4Js,Testing a Hamster's Survival Skills,Testing a Hamster's Survival Skills,2024-11-23T17:00:17Z,UCYmna5rFHIesFteksAvFOfg,Dr. Plants,15,"['hamster maze', 'ecosystem', 'hamster obstacle course']",PT9M34S,hd,false,1936426,59851,0,0,2336
pX2BqeufZWc,FIRST WEEK IN MY NEW NYC APARTMENT *alone..*,FIRST WEEK IN MY NEW NYC APARTMENT *alone..*,2024-11-24T13:30:32Z,UC8Ch40k7gSxNOCSnU-cmnwg,erica ha,22,"['hjevelyn', 'erica ha', 'Emily ha', 'ha sisters', 'college vlog', 'teenager vlog', 'nicole laeno', 'Nicole laeno vlogs', 'fred and evelyn', 'fred and hjevelyn', 'fred and hjevelyn dating?', 'thirdwheeling', '3rd wheeling', 'third wheeling my sister', 'vlog', 'highschool vlog', ""erica ha's vlog"", 'first day of school', 'a day in my life vlog', 'a day in my life in nyc', 'Nicole laeno dance', 'fredliu', 'fred liu', 'Freddie liu', 'what I eat in a week', 'korean food', 'mukbang', 'what I eat in a day korean food']",PT42M50S,hd,false,783612,44000,0,0,1564
EKL50ccXyAw,Minecraft Button Experiment,Minecraft Button Experiment,2024-11-24T16:00:10Z,UC4gpVFHGncQNVzWLGVrEpZA,Boosfer,20,"['Minecraft Manhunt but', 'Minecraft Manhunt but I secretly used', 'Minecraft Manhunt but OP Loot', 'Minecraft Manhunt but OP Enchants', 'Minecraft Manhunt but I can go into creative', 'Minecraft manhunt but drops are random', 'Minecraft Manhunt Dream', 'Dream Manhunt', 'Dream Manhunt 1v5', 'Poland Manhunt 1v5', 'Poland Manhunt', 'Wisp Manhunt', 'Dream Latest Manhunt', 'Minecraft but lava rises', 'Minecraft Manhunt but custom', 'Manhunt 6 hunters', 'Boosfer Manhunt 1v6']",PT28M9S,hd,false,457139,24590,0,0,888
A-vrLaLUzGQ,SONIC MOVIE 3 TRAILER 2 REACTION - THEY DID IT!!!,SONIC MOVIE 3 TRAILER 2 REACTION - THEY DID IT!!!,2024-11-25T14:55:17Z,UC4vCofhl4Wq8gaF7ouaI0UQ,Sam Procrastinates,20,"['Sonic Movie 3 Trailer 2', 'Sonic Movie 3 Trailer Reaction', 'Sonic Movie 3 Trailer 2 Reaction', 'Sonic Movie 3', 'Sonic', 'Sonic the Hedgehog', 'Sonic the Hedgehog 3', 'Sonic Movie 3 Reaction', 'Sam Procrastinates', 'Sam Procrastinates Sonic', 'Sam Procrastinates Sonic Movie', 'Sonic Movie 3 Shadow', 'Sonic Movie Shadow', 'Shadow', 'Shadow the Hedgehog', 'Shadow Reaction', 'Sonic Movie Reaction', 'Sonic the Hedgehog Reaction', 'SEGA', 'Paramount']",PT9M9S,hd,false,52498,4005,0,0,509
alJ1KJu5h9U,"I Got a Pet Leech (yes, really)","I Got a Pet Leech (yes, really)",2024-11-23T13:00:03Z,UCkYVerz4P_kAZNbDdg2SAeg,TerraGreen,15,"['leech', 'blood sucking leech', 'leeches', 'terragreen', 'pet', 'terra', 'green', 'dr plants', 'pet leech', 'pet dinosaur', 'pet alien', 'weirdest pet']",PT12M40S,hd,false,2758942,38792,0,0,3626
obiszPFcIUw,The World's Spiciest Ramen (10 Packs),The World's Spiciest Ramen (10 Packs),2024-11-24T17:37:51Z,UCd1fLoVFooPeWqCEYVUJZqg,Matt Stonie,24,"['Matt Stonie', 'Megatoad', 'Competitive Eating', 'Food Challenge', 'Speed Eating', 'Eating Challenge', 'Korean Fire Noodles', 'Spicy Challenge', 'Spicy Food', 'Spicy Noodles']",PT5M5S,hd,false,778485,43478,0,0,2710
-NrRxl4LysU,HE HAS THE GUN!! - SONIC MOVIE 3 TRAILER 2 REACTION,HE HAS THE GUN!! - SONIC MOVIE 3 TRAILER 2 REACTION,2024-11-25T14:14:32Z,UCFv2fYphsqWfKsQtZl9TdkA,Games Cage,20,"['Sonic Movie', 'sonic 3', 'sonic mvoie 3 reaction', 'SONIC MOVIE 3 TRAILER', 'sonic movie 3 trailer reaction', 'sonic the hedgehog 3', 'sonic vs shadow', 'SHADOW HAS A GUN', 'NEW SONIC MOVIE TRAILER', 'SONIC MOVIE HYPE 3', 'shadow the hedgehog', 'sonic the hedgehog', 'sonic movie 3 trailer', 'GAMESCAGE SONIC', 'GAMESCAGE SHADOW', 'NEW SONIC REACTION']",PT3M4S,hd,false,59429,3947,0,0,497
UgnvIn4uWko,"Game Theory: FNAF, The Missing Key Is... Phone Guy?!","Game Theory: FNAF, The Missing Key Is... Phone Guy?!",2024-11-23T18:05:00Z,UCo_IB5145EVNcf8hw1Kku7w,The Game Theorists,20,"['fnaf', 'five nights at freddys', 'fnaf lore', 'fnaf theory', 'fnaf lore explained', 'five nights at freddys lore', 'fnaf help wanted 2', 'fnaf ruin dlc', 'fnaf ruin', 'fnaf secutity breach', 'fnaf circus', 'fnaf circus game', 'new fnaf game', 'circus baby', 'fnaf mimic', 'freddy fazbear', 'freddy', 'glamrock freddy', 'afton', 'mimic', 'the mimic fnaf', 'the mimic', 'fnaf explaine', 'full fnaf timeline', 'game theorists', 'matpat', 'game theory', 'matpat fnaf', 'gt', 'game theory fnaf', 'fnaf game theory', 'fnaf gt', 'fnaf matpat']",PT22M59S,hd,true,1548411,87141,0,0,4171
pc9up-hNaVM,Minecraft but I ESCAPE from PVP CIVILIZATION,Minecraft but I ESCAPE from PVP CIVILIZATION,2024-11-24T00:15:06Z,UC1HL3TABt6QGd_P857BH_CA,Evbo,20,[],PT25M59S,hd,false,1389056,63908,0,0,6980
8NY2prvv4Ng,Behind the scenes of CM Punk‚Äôs WWE return at Survivor Series 2023,Behind the scenes of CM Punk‚Äôs WWE return at Survivor Series 2023,2024-11-25T15:00:06Z,UCJ5v_MCY6GNUBTO8-D3XoAg,WWE,17,"['Bayley', 'Bruce Prichard', 'CM Punk', 'Cody Rhodes', 'Jamie Noble', 'Jey Uso', 'Michael Hayes', 'Paul Triple H Levesque', 'Rhea Ripley', 'Sami Zayn', 'Stephanie McMahon', 'William Regal', 'superstars', 'world wrestling entertainment', 'wrestle', 'wrestler', 'wrestling', 'wwe', 'wwe 2024', 'ŸÖÿµÿßÿ±ÿπŸá', '‡§ï‡•Å‡§∂‡•ç‡§§‡•Ä', '‡§°‡§¨‡•ç‡§≤‡•Ç ‡§°‡§¨‡•ç‡§≤‡•Ç ‡§à', '‡§™‡§π‡§≤‡§µ‡§æ‡§®', '‡§Æ‡•à‡§ö', '‡§µ‡•ç‡§Ø‡§æ‡§µ‡§∏‡§æ‡§Ø‡§ø‡§ï ‡§ï‡•Å‡§∂‡•ç‡§§‡•Ä', '‡§∏‡•Å‡§™‡§∞‡§∏‡•ç‡§ü‡§æ‡§∞', 'cm punk returns', 'cm punk wwe', 'cm punk returns to wwe', 'cm punk survivor series', 'cm punk survivor series 2023', 'cm punk is back']",PT9M31S,hd,true,1410553,75610,0,0,4191
DTIJItf7n-g,So I Analyzed the NEW Minecraft Movie Trailer...,So I Analyzed the NEW Minecraft Movie Trailer...,2024-11-24T14:15:00Z,UCJhTTqtsvThK99_IbNDtwSw,FundyLIVE,20,"['fundy', 'fundylive', 'itsfundy', 'fundy minecraft', 'fundy highlights', 'fundylive highlight', 'fundy twitch', 'fundy vods', 'fundy upload', 'fundy mods', 'fundy review', 'fundy showcase', 'fundy reddit', 'fundy second channel', 'fundy 2', 'fundy clips', 'minecraft movie', 'minecraft trailer', 'minecraft', 'mc', 'mc trailer', 'pink sheep', 'mc creeper', 'fundy mc', 'fundy letsplay', 'fundy discord', 'systemzee', 'doctor4t', 'doctorrat', 'eightsidedsquare', 'knarfy', 'trailer', 'mc movie', 'minecraft movie trailer', 'fundy movie trailer']",PT18M,hd,false,402011,18938,0,0,1386
53OY1wCweoU,WHAT IS BETTER THAN 1 ULTIMATE MINI JEEP?,WHAT IS BETTER THAN 1 ULTIMATE MINI JEEP?,2024-11-24T13:00:04Z,UCFvrzlRCNrNbyMYmF34wvjg,PeckBrothers,2,[],PT39M59S,hd,false,233580,9598,0,0,715
9CJENT77Ly8,Surviving Using World's LARGEST Suitcase in the Desert,Surviving Using World's LARGEST Suitcase in the Desert,2024-11-23T17:51:53Z,UCVAbWl3d3XuHY28wU9DoDpA,pierson,22,"['pierson', 'Pierson wodzynski', 'worlds smallest suitcase', 'i survived the worlds worst rated cruise', 'i transformed my room with only cardboard', 'i exposed the worst rated airlines', 'amp world', 'brent rivera', 'lexi rivera', 'ben azelart', 'jeremy hutchins', 'i exposed the worlds most evil 10 year old', 'i built a soccer stadium in my house', 'i built a secret room in my pool', 'i spent 100 hours in the worlds weirdest hotels', 'andrew davila', 'liv swearingen', 'challenge', 'tiktok', 'i survived 50 hours in 2d']",PT29M39S,hd,false,1609351,24889,0,0,4158
JFQeiRnzvcg,We Need to Talk About the Ironmouse Situation,We Need to Talk About the Ironmouse Situation,2024-11-23T18:15:00Z,UCoil_VoKvJY4kdlBOZv974w,ConnorDawg,24,"['cdawgva', 'Connor', 'ConnorDawg', 'ironmouse', 'vtuber', 'news', 'situation', 'kaicenat', 'record', 'award', 'hate']",PT18M18S,hd,false,2848779,234498,0,0,19037
4TlrbqidhCQ,TFT Dev Drop: 6-Costs Enter Into the Arcane I Dev Video - Teamfight Tactics,TFT Dev Drop: 6-Costs Enter Into the Arcane I Dev Video - Teamfight Tactics,2024-11-25T14:00:06Z,UCiVO_mThS9B3tNc_kzpn-3g,Teamfight Tactics,20,"['Teamfight tactics', 'dev drop', 'set 13', 'into the arcane', 'tft arcane set', 'warwick unbound', 'arcane warwick unbound', 'tft macao open', 'tft esports', '6-costs', 'viktor', 'mel', 'warwick', 'dev update', 'tft update', 'WW', 'Arcane', 'tft']",PT13M58S,hd,true,182392,5908,0,0,710
NfNTc9Rejlg,Escaping POU PRISON,Escaping POU PRISON,2024-11-25T15:00:32Z,UCwCj-mTphfnjBcRag6MEM2A,ProjectJamesify,20,"['projectjamesify', 'jamesify', 'game', 'gameplay', 'gaming', 'video game', 'funny', 'Pous Revenge']",PT13M,hd,false,354033,2060,0,0,64
gMycVH08FrM,24 Hours In Colorado,24 Hours In Colorado,2024-11-23T22:51:40Z,UCO_RC-EuZVTkxm5e8ek1zvA,Duke Dennis,24,"['duke dennis', 'deeblock duke', 'Colorado', '24 hours', '24 hours in Colorado', 'Kevin gates', 'Kevin gates duke Dennis', 'Duke Dennis 24 hours']",PT16M26S,hd,false,923063,54948,0,0,1535
rbkTiAeZ6Gk,SEC Shorts - Some SEC teams hop off the Playoff train,SEC Shorts - Some SEC teams hop off the Playoff train,2024-11-25T14:00:53Z,UCUOZvgB9Q8AgZjjLYcLWztQ,SEC Shorts,23,[],PT4M33S,hd,false,437094,15694,0,0,1597
3qXGE8uAd7s,How I Stopped an ANT WAR in My Giant Rainforest Vivarium,How I Stopped an ANT WAR in My Giant Rainforest Vivarium,2024-11-24T13:00:04Z,UCONd1SNf3_QqjzjCVsURNuA,AntsCanada,15,"['ants', 'pets', 'terrarium', 'ant farm', 'antfarm', 'antscanada', 'animals', 'insects', 'exotic pets', 'myrmecology', 'science', 'education', 'ecosystem']",PT22M24S,hd,true,385211,20541,0,0,2240
N_SHr2hxW5U,"NEW College Football Playoff Rankings | Tennessee Confident | Georgia Poised | Miami, Oregon, Texas","NEW College Football Playoff Rankings | Tennessee Confident | Georgia Poised | Miami, Oregon, Texas",2024-11-24T19:03:01Z,UCn2g2Wy8uiE9BhDPV4knT7A,On3,17,"['On3', 'College Football', 'College Football Podcast', 'College Football LIVE']",PT13M49S,hd,false,142078,2081,0,0,1178
tK4m2VZA_8k,Kevin O‚ÄôConnell‚Äôs Locker Room Speech After Minnesota Vikings Win Over Chicago Bears,Kevin O‚ÄôConnell‚Äôs Locker Room Speech After Minnesota Vikings Win Over Chicago Bears,2024-11-24T23:11:29Z,UCcsw_KrB_wg5lQ5nXWR_LFA,Minnesota Vikings,17,"['NFL', 'Vikings', 'Minnesota', 'MN', 'Football']",PT4M15S,hd,false,112216,3487,0,0,514
1F3OGIFnW1k,"Stromae, Pomme - ‚ÄúMa Meilleure Ennemie‚Äù (from Arcane Season 2) [Official Visualizer]","Stromae, Pomme - ‚ÄúMa Meilleure Ennemie‚Äù (from Arcane Season 2) [Official Visualizer]",2024-11-23T08:01:00Z,UCltUcam72sZccQxDxlqAllQ,Riot Games Music,10,"['Stromae', 'Pomme', 'Ma Meilleure Ennemie', 'Arcane', 'Riot Games Music', 'music', 'french', 'love', 'romance', 'gaming', 'league of legends']",PT2M28S,hd,false,7662513,289872,0,0,8273
sksZvI9rm4A,1 Goal = 1 Mystery Football Shirt,1 Goal = 1 Mystery Football Shirt,2024-11-26T15:38:13Z,UCL73W7Aj36lt-rKWE_th6Pg,Pazjor,20,"['mystery football shirt', '1 goal 1 shirt', '1 goal 1 football shirt', '1 goal 1 mystery kit', 'fc25 mystery', 'pazjor shirt', 'pajor shirt', 'mystery shirt box', 'mystery footbal kit', 'footbal shirts', 'mystery kit fc25', 'fifa mystery kit']",PT17M27S,hd,false,291538,5485,0,0,497
VTqzooJ9v88,Real Liquid Venom Attacks Me - Ft Tom Hardy,Real Liquid Venom Attacks Me - Ft Tom Hardy,2024-11-23T18:08:23Z,UC89AgkG34oooZubVt23wzFw,JLaservideo,1,"['Jlaservideo', 'DIY', 'how to', 'tutorial', 'engineering', 'technology', 'Venom', 'real life Venom', 'Tom Hardy', 'Venom the last dance', 'ferrofluid', 'venom irl', 'real liquid venom']",PT21M10S,hd,false,1783933,62711,0,0,2429
X2yLl7noa7A,OFFLINETV RACE THROUGH LA,OFFLINETV RACE THROUGH LA,2024-11-24T00:00:01Z,UCDK9qD5DAQML-pzrtA7A4oA,OfflineTV,25,"['OfflineTV', 'Scarra', 'Poki', 'Pokimane', 'Lily', 'LilyPichu', 'DisguisedToast', 'Toast', 'TwitchTV', 'twitch', 'Streaming', 'Vlog', 'Fail', 'Epic', 'Gamers', 'Streamers', 'OTV', 'Lilypichu Voice', 'Pokimane thicc', 'OTV Plays', 'OfflineTV plays', 'Michael Reeves', 'Michael', 'Reeves', 'Pok√©mon', 'Pok√©mon GO']",PT25M49S,hd,false,777366,34946,0,0,664
odXf_O2kwg8,I Bought Unrealistic Pinterest Dream Gowns,I Bought Unrealistic Pinterest Dream Gowns,2024-11-23T03:13:30Z,UCbAwSkqJ1W_Eg7wr3cp5BUA,Safiya Nygaard,22,"['i bought unrealistic pinterest dream gowns', 'pinterest dream gowns', 'unrealistic pinterest items', 'gowns', 'pinterest haul', 'formal', 'prom', 'goth dream gowns', 'safiya nygaard', 'internet haul', 'buying', 'shopping', 'sofia', 'safia', 'nygard', 'safiya and tyler', 'teuta matoshi', 'ai dress', 'knockoff dress', 'scam website']",PT29M30S,hd,true,2840041,135653,0,0,4165
RiS0pgYsKdg,I Found an Abandoned Axolotl Farm,I Found an Abandoned Axolotl Farm,2024-11-23T13:00:05Z,UCmTpLEs3Sk8hxbasbm612_Q,Bass fishing Productions,15,"['abandoned', 'axolotl', 'pet store', 'saving animals', 'saving fish', 'pet', 'fish', 'aquarium fish', 'aquarium', 'exotic fish', 'fishing', 'cichlid', 'big fish', 'catfish', 'fish keeping', 'florida fishing', 'bass fishing productions', 'bass fishing', 'outdoors', 'freshwater fishing', 'invasive fish', 'snakehead', 'fishing video', 'animal', 'sewer fishing', 'rare fish', 'eel', 'monster', 'pleco', 'alien fish', 'trap', 'pond', 'monster fish', 'turtle', 'snake', 'fish tank', 'abandoned pool', 'sewer monster', 'saving', 'pond monster', 'backyard pond', 'lizard', 'frog', 'animals']",PT25M41S,hd,false,1273973,33526,0,0,3405
4W9YskwfTXE,Australia v India 2024-25 | First Test | Day Two,Australia v India 2024-25 | First Test | Day Two,2024-11-23T11:07:54Z,UCkBY0aHJP9BwjZLDYxAQrKg,cricket.com.au,17,['ausvind'],PT8M4S,hd,false,11064213,187781,0,0,4541
bnUzhlUdUfQ,THE COBRA KAI MOVIE  - A Baylen Levine Film,THE COBRA KAI MOVIE  - A Baylen Levine Film,2024-11-23T01:00:02Z,UCwsjrSWqxLdcZrd9xVpmxog,Baylen Levine,24,"['cobra kai', 'cobra kai movie', 'cobra kai season 6', 'cobra kai season 6 part 2', 'cobra kai fan film', 'baylen levine', 'cobra kai prank', 'cobra kai pranks', 'cobra kai cast', 'cobra kai actors', 'baylen levine movie', 'cobra kai baylen levine', 'johnny lawrence', 'john kreese', 'william zabka', 'martin kove', 'baylen levine cobra kai episode']",PT35M39S,hd,false,1781095,84123,0,0,3885
DyWna3Z08tQ,"Paul Heyman Delivers CM Punk to Roman Reigns, OG Bloodline! | WWE SmackDown 11/22/24 | WWE on USA","Paul Heyman Delivers CM Punk to Roman Reigns, OG Bloodline! | WWE SmackDown 11/22/24 | WWE on USA",2024-11-23T03:09:18Z,UCSy3TvvwAV12MD0rLsHyClQ,WWE on USA,17,"['WWE', 'WWE Smackdown', 'WWE Smackdown Highlights', 'WWE Smackdown Highlights Today', 'WWE Smackdown Highlights This Week', 'WWE Smackdown Full Show', 'WWE Smackdown Full Match', 'Solo Sikoa', 'Jacob Fatu', 'Tama Tonga', 'Tonga Loa', 'Bronson Reed', 'Roman Reigns', 'Paul Heyman', 'OG Bloodline', 'OTC', 'New Bloodline', 'The Rock', 'Jey Uso', 'Jimmy Uso', 'Sami Zayn', 'SMACKDOWN', 'SMACKDOWN HIGHLIGHTS', 'smackdown', 'smackdown highlights', 'FULL MATCH', 'full match', 'FULL SHOW', 'full show', 'WWE HIGHLIGHTS', 'WWE smackdown']",PT9M21S,hd,true,1492246,40614,0,0,5349
amgPXKrFZVg,Wicked | What Is This Feeling,Wicked | What Is This Feeling,2024-11-22T16:15:27Z,UCaQrizl9bDFsbl0wSZHa3pQ,Wicked Movie,1,[],PT3M10S,hd,false,4488632,95919,0,0,2764
YwUQ_5iV9pY,Kendrick Lamar - wacced out murals (Official Audio),Kendrick Lamar - wacced out murals (Official Audio),2024-11-22T17:08:31Z,UC3lBXcrKFnFAFkfVk5WuKcQ,Kendrick Lamar,22,[],PT5M18S,hd,false,6558887,254299,0,0,18714
GMH0AaCltvk,I Created A World Eating Worm In Build a Boat!,I Created A World Eating Worm In Build a Boat!,2024-11-24T13:30:08Z,UCoM6RHJ7ljHemLzkf3hBPOQ,jessetc,20,"['jessetc', 'build a boat', 'build a boat for treasure', 'Roblox', 'jesse games', 'build a boat update', 'build a boat codes', 'dragon egg build a boat', 'build a boat code', 'build a boat easter update', 'egg boss build a boat', 'build a boat egg update', 'build a boat glitch', 'roblox build a boat', 'build a boat secrets', 'roblox build a boat for treasure', 'build a boat for treasure roblox', 'build a boat egg hunt 2020', 'build a boat for treasure in roblox', 'money glitch build a boat for treasure']",PT10M41S,hd,false,302810,5764,0,0,1034
U8F5G5wR1mk,Kendrick Lamar - tv off (Official Audio),Kendrick Lamar - tv off (Official Audio),2024-11-22T17:08:31Z,UC3lBXcrKFnFAFkfVk5WuKcQ,Kendrick Lamar,22,[],PT3M41S,hd,false,6596915,312703,0,0,25132
nJXz39RLx_I,Jake Paul Wins | Jake Paul vs. Mike Tyson | Netflix,Jake Paul Wins | Jake Paul vs. Mike Tyson | Netflix,2024-11-16T05:46:59Z,UC_UJdqZuFhRXfeYXYrhwgJA,Netflix Sports,17,"['jake paul', 'mike tyson', 'netflix', 'who won']",PT35S,hd,false,3012894,10330,0,0,5287
a-eDHkkFznA,Buying Hurricane FLOODED Supercars At AUCTION!,Buying Hurricane FLOODED Supercars At AUCTION!,2024-11-25T20:00:01Z,UC2Mr_YNd6liFrL5YbKaNxSQ,ScrapLifeLee,2,"['Lamborghini', 'Huracan', 'aventador', 'aventador sv', 'huracan performante', 'gallardo', 'ferrari f8', 'f8 tributo', 'ford gt', 'porsche gt3', 'gt3 rs', 'gt4', 'gt2 rs', 'porsche 911 gt3', 'skyline gtr', 'shelby gt500', 'corvette z06', 'salvage auction', 'copart auction', 'salvage rebuild', 'salvaged exotic cars', 'salvage sports cars', 'hurricane flooding', 'florida hurricanes', 'flooded exotic cars', 'scraplife garage']",PT38M53S,hd,true,334806,9539,0,0,680
CW9rf-1htQE,Ultimate Mini Jeep Rock Crawler Build!,Ultimate Mini Jeep Rock Crawler Build!,2024-11-23T21:00:05Z,UCivi_f1nniBzEOfKhRoN12Q,Grind Hard Plumbing Co,2,[],PT32M13S,hd,false,621101,23837,0,0,971
flN8HhmOTLI,How Kendrick was in the Studio Making this New Album (GNX),How Kendrick was in the Studio Making this New Album (GNX),2024-11-23T03:51:35Z,UC4G10tk3AHFuyMIuD3rHOBA,RDCworld1,1,[],PT3M30S,hd,false,1178412,136569,0,0,3920
aLO3ryRl3VQ,Scariest Paranormal Ocean Encounters!,Scariest Paranormal Ocean Encounters!,2024-11-23T19:15:01Z,UC6GBQeLZbK1qn3mpDPKjZKw,Sam and Colby Reacts,24,"['sam and colby', 'colby and sam', 'overnight', 'sam&colby', 'ghost', 'haunted', 'paranormal', 'top 10', 'top 5', 'reacting', 'react', 'sam and colby missed this', 'scary', 'caught on camera', 'ghost stories', '3am', 'the conjuring', 'the stanley', 'sam and colby react', 'colby and sam react', 'funny', 'how to', 'tips', 'laugh', 'challenge']",PT10M32S,hd,false,574424,42550,0,0,2143
CAGc2gOWgiQ,JUICE WRLD *FREE* Skin is AVAILABLE!,JUICE WRLD *FREE* Skin is AVAILABLE!,2024-11-24T17:55:54Z,UCD-WWj0WqSGQOynNigc5VHw,Home Of Games,20,"['fortnite', 'battle royale', 'fortnite trailer', 'update', 'trailer', 'battle pass', 'new fortnite update', 'live event', 'live', 'fortnite live event', 'remix', 'leaks', 'mythic weapons', 'juice wrld', 'juice wrld fortnite', 'juice wrld skin', 'remix finale event', 'juice wrld location', 'juice wrld landmark', 'juice wrld event', 'skin', 'juice', 'wrld', 'reward', 'juice wrld update', 'juice wrld mythic', 'countdown', 'unlock', 'free skin', 'new', 'snoop dogg', 'remix finale', 'chapter 6', 'chapter 6 fortnite', 'juice wrld free skin', 'chapter 6 trailer']",PT9M59S,hd,false,724760,27816,0,0,883
ar1sCqwAvAs,Samsung is in Crisis,Samsung is in Crisis,2024-11-23T18:41:39Z,UC4QZ_LsYcvcq7qOsOhpAX4A,ColdFusion,28,"['Coldfusion', 'TV', 'Dagogo', 'Altraide', 'Technology', 'Apple', 'Google', 'Samsung', 'Facebook', 'Tesla']",PT17M28S,hd,false,2404932,51959,0,0,4360
mn8xIJkmtGk,I Turned A Children's Game Into A Nightmare,I Turned A Children's Game Into A Nightmare,2024-11-23T16:00:44Z,UCYqsJbDDngvxb_rbHzHpYGA,Magic The Noah,24,[],PT49M,hd,false,589568,32207,0,0,1548
QeooZB4Z7RA,"Lethal Company Music Video üéµ ""Follow The Orders"" [VERSION A]","Lethal Company Music Video üéµ ""Follow The Orders"" [VERSION A]",2024-11-23T15:00:06Z,UCI_hjK53AIDlpB-Rpr1WnwQ,ZAMination,1,"['lethal company', 'music video', 'animation', 'zamination', 'cubical', 'song', 'version a']",PT3M8S,hd,true,959316,38222,0,0,3089
iHf9CHBAeuM,"Zelda, but Every 5 Minutes You Make it Weirder","Zelda, but Every 5 Minutes You Make it Weirder",2024-11-23T20:06:35Z,UCG6zBb8GZKo1XZW4eHdg-0Q,PointCrow,20,"['pointcrow', 'point crow', 'pointcrow zelda', 'zelda pointcrow', 'zelda breath of the wild', 'the legend of zelda breath of the wild', 'botw', 'breath of the wild', 'the legend of zelda', 'can you beat', 'lets play', 'playthrough', 'gaming', 'gameplay', 'walkthrough', 'speedrun', 'speedrunning', 'zelda speedrun', 'pointcrow botw', 'zelda challenge', 'challenge', 'breath of the wild challenge', 'totk', 'tears of the kingdom', 'the legend of zelda tears of the kingdom', 'glitches', 'glitch', 'tears of the kingdom speedrun', 'totk challenge']",PT33M38S,hd,false,456384,32011,0,0,1146
Ox29z5Nf1Uk,"[#2024MAMA] G-DRAGON - Î¨¥Ï†ú(Untitled, 2014)+POWER+HOME SWEET HOME+Î±ÖÎ±ÖÎ±Ö+FANTASTIC BABY | Mnet 241123 Î∞©ÏÜ°","[#2024MAMA] G-DRAGON - Î¨¥Ï†ú(Untitled, 2014)+POWER+HOME SWEET HOME+Î±ÖÎ±ÖÎ±Ö+FANTASTIC BABY | Mnet 241123 Î∞©ÏÜ°",2024-11-23T08:54:37Z,UCbD8EppRX3ZwJSou-TVo90A,Mnet K-POP,24,"['2024MAMA', '2024MAMAAWARDS', 'BANGBANGBANG', 'CJ100', 'FANTASTICBABY', 'GDRAGON', 'HOMESWEETHOME', 'MAMAAWARDS', 'POWER', 'Untitled2014', 'Î¨¥Ï†ú', 'Î±ÖÎ±ÖÎ±Ö', 'ÏßÄÎìúÎûòÍ≥§', 'Ìã∞ÎπôÏóêÏÑúÏä§Ìä∏Î¶¨Î∞ç', 'ÌååÏõå']",PT14M18S,hd,false,19603727,758209,0,0,92786
y7C6qtyXp_Y,Trolling My Boyfriends PRIVATE SERVER as a NOOB in Dress to Impress!,Trolling My Boyfriends PRIVATE SERVER as a NOOB in Dress to Impress!,2024-11-25T23:49:55Z,UC8YzM9rzF1oroSqw4CKfhpQ,Dani and Snappy,20,"['roblox', 'private server ios', 'Trolling My Boyfriends PRIVATE SERVER as a NOOB in Dress to Impress!', 'dress to impress', 'dress to impress troll', 'trolling as a noob']",PT10M26S,hd,false,263672,4002,0,0,714
yhaHnimgKTM,LIL WAYNE WARNS KENDRICK LAMAR TO CHILL BEFORE HE DESTROYS HIM IN A DISSTRACK!,LIL WAYNE WARNS KENDRICK LAMAR TO CHILL BEFORE HE DESTROYS HIM IN A DISSTRACK!,2024-11-24T09:01:49Z,UCKUCm3FepRrl-VKhq0Wwajg,No Life Shaq,24,"['Nolifeshaq reactions', 'kendrick vs drake beef reaction', 'kendrick vs lil wayne', 'wacced out murals', 'wacced out murals reaction', 'kendrick lamar', 'kendrick lamar gnx', 'kendrick lamar reaction', 'kendrick diss weezy', 'kendrick disses lil wayne and snoop']",PT9M24S,hd,false,468255,24008,0,0,6189
UgaBUdTMQDc,Can You Charge A Phone with Marbles?,Can You Charge A Phone with Marbles?,2024-11-23T14:00:33Z,UCSksodwjNeOQ3Oywr1G4Nag,Engineezy,28,[],PT18M6S,hd,false,733989,26815,0,0,1609
CBtS0-fozls,AMP LOVE ISLAND,AMP LOVE ISLAND,2024-11-22T23:37:45Z,UCJbYdyufHR-cxOuY96KIoqA,AMP,24,"['KAI CENAT', 'DUKE DENNIS', 'AGENT 00', 'CHRISNXTDOOR', 'FANUM', 'IMDAVISSS', 'ANY MEANS POSSIBLE', 'AMP LOVE ISLAND', 'LOVE ISLAND', 'AMP TOO HOT TOO HANDLE', 'AMP REALITY SHOW', 'AMP LOVE']",PT25M41S,hd,false,3019448,108293,0,0,4280
UINOyOJHyrw,Blox Fruits | DRAGON UPDATE OFFICIAL NEWS,Blox Fruits | DRAGON UPDATE OFFICIAL NEWS,2024-11-23T02:00:06Z,UC_xlDCBWQPlihORIZLWtpbA,Gamer Robot,20,"['blox fruits', 'admin', 'zioles', 'blox fruits admin', 'admin command', 'abusive admin', 'roblox', 'robux', 'trolling', 'troll', 'gift', 'indra', 'blox fruits update', 'blox fruits update 20', 'update 20', 'gamer robot', 'mygame43', 'blox fruits update 19', 'roblox blox fruits', 'family friendly', 'no cursing', 'blox fruit', 'blox fruits noob to pro', 'anime', 'race v4', 'cdk', 'soul guitar', 'leveling guide', 'blox fruits new code', 'new code', 'blox fruits code', 'pvp', 'el krazy', 'undercover admin', 'leaks', 'sneak peek', 'secret ability']",PT14M23S,hd,false,4000645,263890,0,0,69162
SGoJQ_W_rS0,Wicked - Is It Good or Nah?,Wicked - Is It Good or Nah?,2024-11-23T19:42:25Z,UC5UYMeKfZbFYnLHzoTJB1xA,Schaffrillas Productions,24,"['Schaffrillas Productions', 'Wicked', 'Defying Gravity', 'Popular', 'What Is This Feeling', 'The Wizard and I', 'Glinda', 'Elphaba']",PT13M15S,hd,false,519753,31359,0,0,1671
uE1rBzAagvQ,Models Expect Coldest Pattern in Years... And A MASSIVE Snowstorm,Models Expect Coldest Pattern in Years... And A MASSIVE Snowstorm,2024-11-24T01:30:24Z,UC8-PE-9a2L8ngyQ6A-_SviA,Direct Weather,24,"['Weather', 'Meteorology', 'forecast', 'Direct Weather', 'News', 'The Weather Channel', 'Weather Channel', 'Weather Forecast', 'Winter Forecast', 'Winter Outlook', 'Local Forecast', 'Winter 2023 - 2024', 'Winter thoughts', 'Winter Forecast 2023 - 2024', 'Trilogy Maps', 'Preliminary Winter Forecast 2023 - 2024', 'Fall Forecast', 'Historic Cold', 'Record Cold', 'Snowfall Forecast', 'Official Snowfall Forecast', 'Snowfall', 'When to expect your first Snowfall', 'First Snowfall', 'Winter', 'Winter 2023', 'Polar Vortex', 'December', 'Snowstorm']",PT19M38S,hd,false,392751,5153,0,0,478
nUd1DR3stOA,Try Guys Make Girl Scout Cookies Without A Recipe,Try Guys Make Girl Scout Cookies Without A Recipe,2024-11-23T16:00:50Z,UCpi8TJfiA4lKGkaXs__YdBA,The Try Guys,23,"['try guys', 'keith', 'zach', 'habersberger', 'kornfeld', 'buzzfeedvideo', 'buzzfeed', 'comedy', 'education', 'funny', 'try', 'learn', 'fail', 'experiment', 'test', 'tryceratops', 'the try guys', 'keith habersberger', 'zach kornfeld', 'comedy video', 'youtuber', 'celebrity', 'pop culture', 'trending topics', 'trending', 'tiktok trends', 'buzzfeed celeb', 'new series', '2nd try', '2ndtry', 'without a recipe', 'war', 'cooking show', 'cooking', 'baking', 'baking show', 'mythical kitchen', 'dropout', 'chopped', 'top chef', 'gordon ramsey', 'final meals', 'first we feast', 'hot ones']",PT52M55S,hd,true,846854,32453,0,0,1524
08x2npgd0xI,"ARCANE Season 2 Episodes 7, 8 & 9 Ending Explained","ARCANE Season 2 Episodes 7, 8 & 9 Ending Explained",2024-11-23T14:04:41Z,UCGaE6BmH_h2eOo12binZ2Tg,BrainPilot,24,"['Arcane', 'Arcane Netflix', 'Arcane Season 2', 'Arcane Season 2 Episode 7', 'Arcane Season 2 Episode 8', 'Arcane Season 2 Episode 9', 'Arcane Season 2 Review', 'Arcane Review', 'Arcane Ending Explained', 'Arcane Season 2 Ending Explained', 'Arcane Ending', 'Arcane Season 2 Ending', 'Arcane Reaction', 'Arcane Season 2 Reaction', 'Arcane Season 2 Episode 7 Breakdown', 'Arcane Season 2 Episode 8 Breakdown', 'Arcane Season 2 Episode 9 Breakdown', 'Arcane Season 2 Episode 9 Explained', 'Arcane Season 2 Episode 9 Ending']",PT10M36S,hd,false,489850,12785,0,0,2346
bTL4r-1VLDY,DABABY - PHAT (OFFICIAL VIDEO),DABABY - PHAT (OFFICIAL VIDEO),2024-11-22T14:00:07Z,UC2CCXzC56k0b8L49R_iW-Yw,DaBaby,10,"['DaBaby', 'Baby Jesus', 'Charlotte', 'Hip Hop', 'Rap', 'dababy phat', 'phat dababy', 'dababy', 'rockstar', 'da baby', 'bop', 'bop dababy', 'rockstar dababy', 'hip hop', 'dababy freestyle', 'dababy rockstar', 'phat']",PT2M11S,hd,false,793575,35630,0,0,1503
9M87tRY1ZPU,AMORIM REALITY BITE! IPSWICH 1-1 MANCHESTER UNITED GOLDBRIDGE MATCH REACTION,AMORIM REALITY BITE! IPSWICH 1-1 MANCHESTER UNITED GOLDBRIDGE MATCH REACTION,2024-11-24T19:07:07Z,UCMmVPVb0BwSIOWVeDwlPocQ,The United Stand,17,"['Manchester United', 'Man United', 'Man Utd', 'Manchester United TV', 'The United Stand', 'United Stand', 'Manchester United News', 'MUFC', 'Man Utd News', 'United', 'Manchester United Latest News', 'Manchester United Transfer News', 'Goldbridge', 'Live stream', 'Manchester United live', 'Ten Hag', 'Mark Goldbridge', 'Man Utd live stream', 'Watchalong', 'Live Watchalong', 'Man Utd vs Ipswich', 'Ipswich vs Man Utd', 'Ipswich Manchester United', 'Amorim', 'Amorim United', 'Man Utd vs Ipswich live', 'Ipswich Town']",PT31M47S,hd,false,367551,8545,0,0,998
qeqj5GnoFUY,Defying Gravity (From Wicked The Soundtrack),Defying Gravity (From Wicked The Soundtrack),2024-11-22T05:00:42Z,UCE4pdOAge35Ylr-DJgvllbQ,Republic Records,10,"['republic records', 'republic', '#WickedMovieLyrics', '#WickedTheSoundtrack', '#WickedMovie', '#ArianaGrande', '#CynthiaErivo', '#Glinda', '#Elphaba', '#WickedMusical', '#Wicked', '#Broadway', '#WizardOfOz', '#JeffGoldblum', '#MichelleYeoh', '#EthanSlater', '#BowenYang', '#JonathanBailey', '#IdinaMenzel', '#KristinChenoweth', '#PeterDinklage', 'DefyingGravity', 'DefyingGravityWicked', 'DefyingGravityWickedMovie', 'DefyingGravityCythiaErivo', 'DefyingGravityMovieVersion']",PT7M40S,hd,false,2193845,42273,0,0,2920
z594bVVWhWU,RACING vs. CRUZEIRO | HIGHLIGHTS | CONMEBOL SUDAMERICANA 2024,RACING vs. CRUZEIRO | HIGHLIGHTS | CONMEBOL SUDAMERICANA 2024,2024-11-23T22:26:56Z,UCw7eDYHnA-2PIr-qIldYeBQ,CONMEBOL Sudamericana,17,"['gols', 'goles', 'goals', 'gola√ßos', 'highlights', 'resumen', 'melhores momentos', 'futebol', 'f√∫tbol', 'soccer', 'Conmebol', 'Sudamericana', 'Conmebol Sudamericana', 'Copa Sudamericana', 'Sul-Americana', 'Sulamericana', 'Copa Sul-Americana', 'Copa Sulamericana', 'Sula', 'goles sudamericana', 'gols sul-americana', 'gols sulamericana', 'melhores momentos sul-americana', 'highlights sudamericana', 'melhores momentos sulamericana']",PT8M51S,hd,false,421318,4674,0,0,631
pZ1NdE69VTs,ROSEÃÅ - number one girl (official music video),ROSEÃÅ - number one girl (official music video),2024-11-22T05:00:06Z,UCBo1hnzxV9rz3WVsv__Rn1g,ROS√â,10,"['YG Entertainment', 'YG', 'ÏôÄÏù¥ÏßÄ', 'K-pop', 'BLACKPINK', 'Î∏îÎûôÌïëÌÅ¨', 'Î∏îÌïë', 'Î°úÏ†ú', 'Ros√©', 'BLINK', 'Î∏îÎßÅÌÅ¨', 'ros√©', 'number one girl rose', 'rose number one girl', 'rosie', 'rosie number one girl', 'number one girl rosie', 'number one girl music video', 'rosie number one girl music video', 'rose number one girl music video', 'ros√© number one girl', 'number one girl ros√©', 'number one girl', 'number one girl video', 'rose album', 'rosie album', 'ros√© album']",PT3M38S,sd,false,33589349,1697360,0,0,107122
o5hWEa1w6Z8,Three Days Grace - Mayday (Official Video),Three Days Grace - Mayday (Official Video),2024-11-22T15:00:06Z,UCK-VRwguZP3cokOAxI0F1HA,ThreeDaysGraceVEVO,10,"['Three Days Grace music', 'Three Days Grace songs', 'Animal Have Become', 'Pain Three Days Grace', 'Hate Everything About You', 'Alternative rock', 'Hard rock', 'TDG', 'Three Days Grace live', 'One-X', 'Life Starts Now', 'Transit of Venus', 'Human', 'Outsider', 'Breaking Benjamin', 'Shinedown', 'Seether', 'Nickelback', 'Disturbed', 'Evanescence', 'Red Sun Rising', 'mayday three days grace', 'mayday 3dg', 'new 3dg music', 'new three days grace music', 'three days grace 2024', 'new 3dg 2024', 'Mayday', 'Three Days Grace']",PT3M23S,hd,false,1051082,66993,0,0,5717
RN5maxRpI_s,Nitrous vs Supercharger | HiLow,Nitrous vs Supercharger | HiLow,2024-11-22T16:00:20Z,UCL6JmiMXKoXS6bpP1D3bk8g,Donut,2,"['donut', 'donut media', 'cars', 'james pumphrey', 'up to speed', 'moneypit']",PT37M3S,hd,false,1217947,46819,0,0,2488
GO7YG8BTrtw,Uzi & Pomni Are Forced To Run The Marketing Department,Uzi & Pomni Are Forced To Run The Marketing Department,2024-11-22T20:00:08Z,UCn_FAXem2-e3HQvmK-mOH4g,GLITCH,1,"['glitch', 'glitch productions', 'digital circus', 'the amazing digital circus', 'murder drones', 'Pomni', 'Uzi', 'Jax', 'Ragatha', 'Kinger', 'Gangle', 'Zooble', 'Caine', 'Bubble', '3D', 'Animation', '3D Animation', 'Indie Animation', 'Gummigoo']",PT4M16S,hd,true,3414675,230993,0,0,8686
sI2TE_hYFYQ,Nadie- Tito Double P (Video Oficial),Nadie- Tito Double P (Video Oficial),2024-11-22T00:00:06Z,UCj1EfO3tUyVxOPnWlyKCBBQ,Tito Double P,10,[],PT3M17S,hd,false,5095934,136962,0,0,4348
Ut4c-GTABwc,Oliver Anthony - Country Roads,Oliver Anthony - Country Roads,2024-11-22T21:45:13Z,UC5caRbGN5SukgJnj2ecK_wA,Oliver Anthony Music,10,[],PT2M52S,hd,false,638219,41309,0,0,2399
PHTHdVK3JXM,Saoirse Ronan Joins Brittany Broski's Royal Court,Saoirse Ronan Joins Brittany Broski's Royal Court,2024-11-22T18:00:14Z,UCMSqyGyyqI_zWkyS22pk7bA,Royal Court,22,['#brittanybroski #broski #royalcourt'],PT24M11S,hd,false,706504,53949,0,0,1846
2h3R-Rqdl9w,An UNREAL Thing HAS Happened to MY CHANNEL- An OVERNIGHT Miracle!!,An UNREAL Thing HAS Happened to MY CHANNEL- An OVERNIGHT Miracle!!,2024-11-21T22:54:42Z,UCdOBZ07WtzCA0LPHiQY1N3g,"Fishing With ""Oh Dad!""",17,"['Fishing', 'Miracles', 'Fish', 'Bass Fishing', 'Crappie Fishing', 'Thank You', 'Blegill Fishing']",PT6M33S,hd,false,2100908,563173,0,0,54554
6vPhcRew8hA,Maluma - Cosas Pendientes (Official Video),Maluma - Cosas Pendientes (Official Video),2024-11-22T00:00:07Z,UCFkoPRmuxqr37jvGmmpzhzQ,MalumaVEVO,10,"['Maluma 2024', 'Maluma letra', 'Maluma lyrics', 'Maluma official video', 'Maluma video oficial', 'Maluma CP', 'Maluma Cosas Pendientes', 'Cosas Pendientes letra', 'Cosas Pendientes lyrics', 'Cosas Pendientes video oficial', 'Cosas Pendientes official video', 'Urban Music', 'Musics Urbana Latina', 'Confident', 'Cosas Pendientes', 'Latin Urban', 'Maluma', 'Pop', 'Reggaeton']",PT4M31S,hd,true,8928338,230350,0,0,7265
EQsYfiPR9uM,[#2024MAMA] BIGBANG (ÎπÖÎ±Ö) - Î±ÖÎ±ÖÎ±Ö (BANG BANG BANG) + FANTASTIC BABY | Mnet 241123 Î∞©ÏÜ°,[#2024MAMA] BIGBANG (ÎπÖÎ±Ö) - Î±ÖÎ±ÖÎ±Ö (BANG BANG BANG) + FANTASTIC BABY | Mnet 241123 Î∞©ÏÜ°,2024-11-23T09:13:52Z,UCbD8EppRX3ZwJSou-TVo90A,Mnet K-POP,24,"['2024MAMA', '2024MAMAAWARDS', 'BANGBANGBANG', 'BIGBANG', 'CJ100', 'DAESUNG', 'FANTASTICBABY', 'GDRAGON', 'MAMAAWARDS', 'TAEYANG', 'ÎåÄÏÑ±', 'Î±ÖÎ±ÖÎ±Ö', 'ÎπÖÎ±Ö', 'ÏßÄÎìúÎûòÍ≥§', 'ÌÉúÏñë', 'Ìã∞ÎπôÏóêÏÑúÏä§Ìä∏Î¶¨Î∞ç']",PT5M25S,hd,false,12150465,410823,0,0,15658
aDF_ESN80r8,I Meet MrBeast To Break The Internet!!,I Meet MrBeast To Break The Internet!!,2024-11-21T14:00:07Z,UCtxD0x6AuNNqdXO9Wp5GHew,UR ¬∑ Cristiano,17,[],PT14M,hd,true,45755418,4481083,0,0,176223
KNVRNDJp4zc,i LET My 16 SiBLiNGS NAME Our BABY!,i LET My 16 SiBLiNGS NAME Our BABY!,2024-11-22T16:46:58Z,UCyym9xFc54uy15NQiFVWWfw,JustParkers ,24,"['kass and josh', 'justkass', 'nen', 'couples channels', 'notenoughnelsonss', 'justparkers', 'justkass baby name', 'justkass baby', 'justparkers baby', '16 siblings', 'name our baby', 'our babys name', 'baby girl names', 'baby girl middle names', 'my siblings name our baby', 'justkass pregnant', 'justkass sephora', 'sephora', 'pregnancy', 'pregnant', 'pregnancy vlog', 'baby names', 'nen fam', 'notenoughnelsons', 'not enough nelsons', 'hopescope', 'jordan matter', 'salish', 'salish matter']",PT22M15S,hd,false,1005261,20581,0,0,21112
Hscaf4VPDp4,"New Thrower Troop, Firespitter Defense and Revive Spell in Clash of Clans!","New Thrower Troop, Firespitter Defense and Revive Spell in Clash of Clans!",2024-11-23T13:00:19Z,UC85aYbNSFjsJdxfpxgQr8tA,Judo Sloth Gaming,20,"['clash of clans', 'coc', 'clash of clans gameplay', 'clash of clans attacks', 'clash of clans strategy', 'judo sloth', 'town hall 17', 'th17', 'thrower', 'new troop', 'new defense', 'new spell', 'revive', 'revive spell', 'firespitter', 'firespitter defense', 'lab assistant', 'town hall 17 update', 'th17 update', 'new update', 'clash of clans update', 'coc update', 'update sneak peek', 'sneak peek 2', 'november update', 'clash of clans 2024', 'clash of clans town hall 17', 'coc th17', 'th17 sneak peek', 'town hall 17 attack']",PT18M35S,hd,false,1429088,50063,0,0,2585
fsovddV6weQ,Qualifying Highlights | 2024 Las Vegas Grand Prix,Qualifying Highlights | 2024 Las Vegas Grand Prix,2024-11-23T07:54:05Z,UCB_qr75-ydFVKSF9Dmo6izg,FORMULA 1,17,"['F1', 'Formula One', 'Formula 1', 'Sports', 'Sport', 'Action', 'GP', 'Grand Prix', 'Auto Racing', 'Motor Racing', 'lvgp', 'las vegas', 'usa', 'the strip', 'george russell', 'franco colapinto', 'pierre gasly', 'sergio perez']",PT7M9S,hd,false,4472713,93925,0,0,3912
nexo-xnbZoI,Minecraft AURA: THE MOVIE,Minecraft AURA: THE MOVIE,2024-11-22T16:00:44Z,UClcqpZhHYcoRADrYmaGqVZA,Joll and Conk,22,[],PT30M2S,hd,false,953860,28732,0,0,5184
USClb04AQvQ,‚ÄòWicked‚Äô Cast Play Never Have I Ever,‚ÄòWicked‚Äô Cast Play Never Have I Ever,2024-11-22T13:00:03Z,UCZ8TREbPfawhSvayVe5pqKg,British Vogue,24,"['ariana grande', 'ariana grande and cynthia erivo', 'ariana grande and cynthia erivo crying', 'ariana grande and cynthia erivo interview', 'ariana grande and cynthia erivo lie detector', 'ariana grande and cynthia erivo singing', 'ariana grande wicked', 'british vogue', 'cynthia erivo', 'cynthia erivo wicked', 'jonathan bailey', 'jonathan bailey wicked', 'vogue', 'vogue challenges', 'wicked', 'wicked cast', 'wicked cast interview', 'wicked film', 'wicked interview', 'wicked movie', 'wicked part 1']",PT5M32S,hd,true,595863,20204,0,0,450
IStXAoX8ijk,"The BFB Da Packman ""On The Radar"" Freestyle (PART 3)","The BFB Da Packman ""On The Radar"" Freestyle (PART 3)",2024-11-21T23:30:05Z,UCa8b7nZo-iPKoJxspOplnWg,On The Radar Radio,10,"['on the radar', 'off the radar', 'on the radar radio', 'freestyle', 'live performance', 'on the radar freestyle', 'off the radar freestyle', 'otr freestyle']",PT5M39S,hd,false,319993,16288,0,0,672
dgGqD28J6aQ,"[#2024MAMA] ROS√â (Î°úÏ†ú), Bruno Mars - APT. | Mnet 241122 Î∞©ÏÜ°","[#2024MAMA] ROS√â (Î°úÏ†ú), Bruno Mars - APT. | Mnet 241122 Î∞©ÏÜ°",2024-11-22T13:02:02Z,UCbD8EppRX3ZwJSou-TVo90A,Mnet K-POP,24,"['2024MAMA', '2024MAMAAWARDS', 'APT', 'Bruno Mars', 'CJ100', 'MAMAAWARDS', 'ROS√â', 'Î°úÏ†ú', 'Î∏åÎ£®ÎÖ∏ÎßàÏä§', 'ÏïÑÌååÌä∏', 'Ìã∞ÎπôÏóêÏÑúÏä§Ìä∏Î¶¨Î∞ç']",PT3M48S,hd,false,13383854,542877,0,0,13526
XCz7WUotXs8,Twenty One Pilots - The Line (from Arcane Season 2) [Official Audio],Twenty One Pilots - The Line (from Arcane Season 2) [Official Audio],2024-11-22T05:05:25Z,UCBQZwaNPFfJ1gZ1fLZpAEGw,twenty one pilots,10,"['twenty one pilots', 'twenty one pilots official', 'arcane', 'arcane season 2', 'arcane soundtrack', 'arcane netflix', 'twenty one pilots arcane', '21 pilots', 'league of legends', 'riot games', 'arcane riot', 'gaming', 'gaming soundtrack', 'clancy', 'overcompensate', 'heathens', 'twenty one pilots netflix', 'stressed out', 'new twenty one pilots', 'twenty one pilots lyrics', 'the line lyrics', 'arcane lyrics', 'arcane series', 'arcane music', 'viktor', 'arcane viktor', 'arcane victor', 'line official video']",PT3M12S,hd,false,1570597,115714,0,0,6245
jmUTOc4jUc4,New Update - Town Hall 17 in Clash of Clans!,New Update - Town Hall 17 in Clash of Clans!,2024-11-22T13:00:49Z,UC85aYbNSFjsJdxfpxgQr8tA,Judo Sloth Gaming,20,"['clash of clans', 'coc', 'clash of clans gameplay', 'clash of clans attacks', 'judo sloth', 'town hall 17', 'th17', 'town hall 17 gameplay', 'th17 gameplay', 'clash of clans update', 'coc update', 'new update', 'coc th17', 'clash of clans town hall 17', 'th17 update', 'town hall 17 update', 'clash of clans th17', 'november update', 'sneak peek 1', 'update sneak peek', 'town hall 17 defense', 'town hall 17 weapon', 'th17 weapon', 'th17 attack', 'town hall 17 attack', 'th17 info', 'th17 defense']",PT17M44S,hd,false,1782631,65691,0,0,3260
OBfCeimLNvQ,Nicki Minaj - Arctic Tundra (Visualizer) ft. Juice WRLD,Nicki Minaj - Arctic Tundra (Visualizer) ft. Juice WRLD,2024-11-22T05:11:46Z,UCaum3Yzdl3TbBt8YUeUGZLQ,NickiMinajAtVEVO,10,"['Nicki Minaj', 'Juice WRLD', 'Nicki Minaj/Cash Money', 'Hip Hop']",PT4M30S,hd,false,581592,54059,0,0,6142
4hN5iDe8lNA,The Party Never Ends (Official Album Trailer),The Party Never Ends (Official Album Trailer),2024-11-21T20:17:40Z,UC0BletW9phE4xHFM44q4qKA,Juice WRLD,10,"['JuiceWRLD', 'juiceworld', 'juice world', 'juice wrld', '999']",PT2M58S,hd,false,1920089,152771,0,0,14637
b2T3ywJ_y-8,Lackadaisy Spaghetti Noodle - EPISODE PREVIEW,Lackadaisy Spaghetti Noodle - EPISODE PREVIEW,2024-11-22T19:00:19Z,UCHpyAufyq1-igTlgA9XjbcQ,Lackadaisy,24,[],PT2M28S,hd,true,364207,66745,0,0,2398
Wzg7dPNl7d0,A.I. Conspiracy Investigation,A.I. Conspiracy Investigation,2024-11-21T21:04:36Z,UCAVojJ1k03GZzjSbdXXunkw,Shane2,23,"['Shane', 'Dawson', 'conspiracy', 'theories', 'journalism', 'investigative journalism', 'docuseries', 'documentary', 'mandela', 'effects', 'disneyland']",PT37M59S,hd,false,745668,32754,0,0,2878
1KPpK28xJB0,"Grupo Frontera, Oscar Maydon - ¬øQu√© Te Parece? (Video Oficial)","Grupo Frontera, Oscar Maydon - ¬øQu√© Te Parece? (Video Oficial)",2024-11-22T00:00:07Z,UCKsN6xyJ2w8g7p4p9apXkYQ,Grupo Frontera,10,[],PT3M13S,hd,false,1898456,52317,0,0,883
y_-tlwYgGi8,"Kane Brown, Katelyn Brown - Body Talk (Official Music Video)","Kane Brown, Katelyn Brown - Body Talk (Official Music Video)",2024-11-22T05:00:47Z,UCsEj8E122ibbJetQe8BoV7g,KaneBrownVEVO,10,"['kane brown new album', 'kane brown new music', 'take the high road', 'family music', 'country music about family', 'kane brown the high road', 'high road', 'kb high road', 'kb the high road', 'kb new music', 'kb new album', 'new country music', 'new music friday', 'country playlist', 'thank god kb', 'kane brown thank god', 'kane brown wife', 'kane brown wife collab', 'kane brown wife song', 'country music videos', 'country hits', 'kane brown album', 'the high road', 'Body Talk', 'Kane Brown Katelyn Brown']",PT2M35S,hd,true,430612,17386,0,0,524
9JzDFNEpPnk,LA MAYBACH - Neutro Shorty x Yandel x Eladio Carri√≥n x Myke Towers (VIDEO OFICIAL),LA MAYBACH - Neutro Shorty x Yandel x Eladio Carri√≥n x Myke Towers (VIDEO OFICIAL),2024-11-22T01:00:06Z,UCIC4pyzlzks2ZySb8v6ROlQ,Neutro Shorty,10,"['#LAMaybach', '#NeutroShorty', '#Yandel', '#EladioCarrion', '#MykeTowers', '#Reggaeton2024', '#TrapLatino', '#MusicaUrbana', '#NuevoLanzamiento', '#LatinHits', '#UrbanMusic', '#ReggaetonLovers', '#Trap2024', '#YandelForever', '#MykeTowersFans', '#NeutroShortyMusic', '#EladioCarrionVibes', '#LatinTrap', '#ReggaetonAddicts', '#LatinMusic', '#MusicaNueva', '#HitsDelMomento', '#PuertoRicoVibes', '#ViralMusic', '#UrbanLatino', '#MusicTrends']",PT4M1S,hd,false,2327118,110330,0,0,7896
RZhHI8SnmG8,"Ela Taubert, Joe Jonas - ¬øC√≥mo Pas√≥? (Con Joe Jonas) (Official Video)","Ela Taubert, Joe Jonas - ¬øC√≥mo Pas√≥? (Con Joe Jonas) (Official Video)",2024-11-21T22:00:29Z,UC5vXWX9hIn2vV6SRItx2oWw,ElaTaubertVEVO,10,"['Ela Taubert', 'Joe Jonas', 'Ela Taubert Joe Jonas', 'C√≥mo Pas√≥', 'C√≥mo Pas√≥ ela taubert', 'ela taubert C√≥mo Pas√≥', 'yo primero', 'nueva cancion ela taubert', 'ela taubert nueva cancion', 'letra C√≥mo Pas√≥', 'que hubiera pasado', 'si eras tu', 'crecer', 'quien dijo que era facil', 'dime si hay algo', 'los rotos', 'donde esta el amor', 'baladas', 'pop', 'universal music', 'latin', 'latin pop', 'pop latino', 'como paso', 'morat', 'faltas tu', 'morat faltas tu', 'latin mafia', 'humbe', 'premios juventud ela', 'premios juventud']",PT3M7S,hd,true,3206952,139000,0,0,4644
TY1lWh20VSw,The Bad Guys 2 | Official Trailer,The Bad Guys 2 | Official Trailer,2024-11-21T15:57:37Z,UCq0OueAsdxH6b8nyAspwViw,Universal Pictures,24,[],PT2M19S,hd,true,11919562,116791,0,0,7035
Q86_nlRoIGw,Jack Harlow - Hello Miss Johnson [Official Music Video],Jack Harlow - Hello Miss Johnson [Official Music Video],2024-11-21T17:00:06Z,UC6vZl7Qj7JglLDmN_7Or-ZQ,Jack Harlow,10,"['jack harlow', 'jack rapper', 'harlow rapper', 'private garden', 'jack Harlow confetti', 'new jack Harlow', 'Louisville rapper', 'rapper from Louisville', 'Kentucky rapper', 'white rapper', 'jack harlow what‚Äôs popping', 'jack harlow what‚Äôs poppin', 'jack harlow whats popping', 'jack harlow whats poppin', 'whats poppin song', 'confetti mixtape', 'sweet action', 'sweet action ep', 'tyler herro', 'whats poppin', 'lovin on me', 'hello miss johnson', 'vanilla baby', 'new jack harlow', 'im vanilla baby', 'whip your lovin']",PT2M52S,hd,false,3312857,95015,0,0,2806
fLi0EJfi_vg,G-DRAGON - HOME SWEET HOME (Official Audio) (feat. TAEYANG & DAESUNG),G-DRAGON - HOME SWEET HOME (Official Audio) (feat. TAEYANG & DAESUNG),2024-11-22T05:00:11Z,UCeU5qTuBiqTU5z-hyL6WITQ,OfficialGDRAGON,22,[],PT3M32S,hd,false,6038599,274843,0,0,22946
hn4WDWxbDZM,"Golden Epic Trailer ‚Äî ""Amphoreus' Saga of Heroes"" | Honkai: Star Rail","Golden Epic Trailer ‚Äî ""Amphoreus' Saga of Heroes"" | Honkai: Star Rail",2024-11-22T12:00:53Z,UC2PeMPA8PAOp-bynLoCeMLA,Honkai: Star Rail,20,[],PT4M51S,hd,true,984430,78786,0,0,3256
1oKDz0UTDRA,Hazard | New Hero Gameplay Trailer | Overwatch 2,Hazard | New Hero Gameplay Trailer | Overwatch 2,2024-11-22T14:12:24Z,UClOf1XXinvZsy4wKPAkro2A,PlayOverwatch,20,"['Overwatch 2', 'Overwatch']",PT1M45S,hd,true,717598,27379,0,0,3354
z7VvfDou-Rc,BossMan Dlow - The Biggest Pt. 2 (Official Video),BossMan Dlow - The Biggest Pt. 2 (Official Video),2024-11-21T21:00:46Z,UC1NZP8d-VFjV-kKSo6lDBig,BossMan Dlow,10,['#bossmandlow'],PT3M42S,hd,false,370848,17538,0,0,854
ZEbqlvqBLg0,Brooks & Dunn ft. Jelly Roll ‚Äì ‚ÄúBelieve‚Äù | Live at CMA Awards 2024,Brooks & Dunn ft. Jelly Roll ‚Äì ‚ÄúBelieve‚Äù | Live at CMA Awards 2024,2024-11-21T03:23:24Z,UCP8NpF8uAYjQkoVbHREss_w,CMA Country Music Association,10,"['CMA', 'Country Music Association', 'Country Music', 'Country', 'Music', 'CMA Country Music Association', 'CMA Fest', 'CMA Awards', 'Brooks & Dunn', 'Jelly Roll', 'Believe']",PT4M54S,hd,false,1429475,0,0,0,1376
rwhGmVf4x2w,CHIVAS 1-2 ATLAS PLAY IN | Dram√°tica remontada rojinegra,CHIVAS 1-2 ATLAS PLAY IN | Dram√°tica remontada rojinegra,2024-11-22T04:08:58Z,UCq8BPLXtFeiSFOvmJrknWGg,LIGA BBVA MX,17,"['LIGA BBVA MX', 'LIGA MX', 'FUTBOL MEXICANO', 'GOLES LIGA MX', 'RESUMEN LIGA MX', 'AMERICA', 'CHIVAS', 'CRUZ AZUL', 'PUMAS', 'TIGRES', 'TOLUCA', 'ATLAS', 'PUEBLA', 'SANTOS', 'PACHUCA', 'CANAL LIGA MX', 'RAYADOS', 'JUAREZ', 'MAZATLAN', 'LEON', 'QUERETARO', 'NECAXA', 'MIKEL ARRIOLA', 'SAN LUIS', 'XOLOS']",PT15M14S,hd,false,1690681,10447,0,0,1761
4aKrB7s43Yw,"Honkai: Star Rail Version 2.7 ""A New Venture on the Eighth Dawn"" Special Program","Honkai: Star Rail Version 2.7 ""A New Venture on the Eighth Dawn"" Special Program",2024-11-22T12:21:06Z,UC2PeMPA8PAOp-bynLoCeMLA,Honkai: Star Rail,24,[],PT51M49S,hd,true,833674,49542,0,0,1170
G6sgPHGANkE,???,???,2024-11-22T06:00:06Z,UC4XmrqqvjmEcuTYtmQ-Ldpg,Gomu,22,[],PT40S,hd,false,665935,45758,0,0,8815
XoLUCpJcYpY,Banshee's Ballad,Banshee's Ballad,2024-11-21T20:29:41Z,UCKTwTio3tOv713CnIcxyLhA,Dungeon Soup,1,"[""baldur's gate 3"", ""baldur's gate"", 'bg3', 'baldurs gate 3', 'dnd', 'dungeons and dragons', '5e', 'dnd 5e', 'dnd animated', 'baldurs gate animated', ""baldur's gate animated"", 'dnd animation', 'd&d animation', 'd&d', 'meatcanyon', 'meat canyon', 'cartoons', 'animation', 'funny animation', 'dnd shorts', 'dnd cartoons', 'bg3 parody', 'animated', 'adventure time', 'barbarian', 'rpg', 'dungeonsoup', 'dungeon soup', 'donjon soup', 'donjonsoup', 'adventuretime', 'hero', 'chaotic good barbarian', 'chaotic good', 'voodoodoll', 'plush', 'plushie', 'banshee', 'ghost', 'bagpipes']",PT2M55S,hd,true,967910,108037,0,0,4078
